model_year,make,model,ev_type,cafv_eligibility,electric_range_mi
2024,ACURA,ZDX,Battery Electric Vehicle (BEV),Eligibility unknown as battery range has not been researched,
2024,ALFA ROMEO,TONALE,Plug-in Hybrid Electric Vehicle (PHEV),Clean Alternative Fuel Vehicle Eligible,33
2025,ALFA ROMEO,TONALE,Plug-in Hybrid Electric Vehicle (PHEV),Clean Alternative Fuel Vehicle Eligible,33
2026,ASTON MARTIN,VALHALLA,Plug-in Hybrid Electric Vehicle (PHEV),Not eligible due to low battery range,6
2016,AUDI,A3,Plug-in Hybrid Electric Vehicle (PHEV),Not eligible due to low battery range,16
2017,AUDI,A3,Plug-in Hybrid Electric Vehicle (PHEV),Not eligible due to low battery range,16
2018,AUDI,A3,Plug-in Hybrid Electric Vehicle (PHEV),Not eligible due to low battery range,16
2025,AUDI,A6,Battery Electric Vehicle (BEV),Eligibility unknown as battery range has not been researched,
2027,AUDI,A6,Battery Electric Vehicle (BEV),Eligibility unknown as battery range has not been researched,
2021,AUDI,A7 E,Plug-in Hybrid Electric Vehicle (PHEV),Not eligible due to low battery range,24
2020,AUDI,A8 E,Plug-in Hybrid Electric Vehicle (PHEV),Not eligible due to low battery range,17
2019,AUDI,E-TRON,Battery Electric Vehicle (BEV),Clean Alternative Fuel Vehicle Eligible,204
2021,AUDI,E-TRON,Battery Electric Vehicle (BEV),Clean Alternative Fuel Vehicle Eligible,222
2021,AUDI,E-TRON,Battery Electric Vehicle (BEV),Eligibility unknown as battery range has not been researched,
2022,AUDI,E-TRON,Battery Electric Vehicle (BEV),Eligibility unknown as battery range has not been researched,
2023,AUDI,E-TRON,Battery Electric Vehicle (BEV),Eligibility unknown as battery range has not been researched,
2022,AUDI,E-TRON GT,Battery Electric Vehicle (BEV),Eligibility unknown as battery range has not been researched,
2023,AUDI,E-TRON GT,Battery Electric Vehicle (BEV),Eligibility unknown as battery range has not been researched,
2024,AUDI,E-TRON GT,Battery Electric Vehicle (BEV),Eligibility unknown as battery range has not been researched,
2020,AUDI,E-TRON SPORTBACK,Battery Electric Vehicle (BEV),Clean Alternative Fuel Vehicle Eligible,218
2021,AUDI,E-TRON SPORTBACK,Battery Electric Vehicle (BEV),Clean Alternative Fuel Vehicle Eligible,218
2021,AUDI,E-TRON SPORTBACK,Battery Electric Vehicle (BEV),Eligibility unknown as battery range has not been researched,
2022,AUDI,E-TRON SPORTBACK,Battery Electric Vehicle (BEV),Eligibility unknown as battery range has not been researched,
2022,AUDI,Q4,Battery Electric Vehicle (BEV),Eligibility unknown as battery range has not been researched,
2023,AUDI,Q4,Battery Electric Vehicle (BEV),Eligibility unknown as battery range has not been researched,
2024,AUDI,Q4,Battery Electric Vehicle (BEV),Eligibility unknown as battery range has not been researched,
2025,AUDI,Q4,Battery Electric Vehicle (BEV),Eligibility unknown as battery range has not been researched,
2026,AUDI,Q4,Battery Electric Vehicle (BEV),Eligibility unknown as battery range has not been researched,
2022,AUDI,Q5,Plug-in Hybrid Electric Vehicle (PHEV),Not eligible due to low battery range,23
2022,AUDI,Q5,Plug-in Hybrid Electric Vehicle (PHEV),Not eligible due to low battery range,22
2020,AUDI,Q5 E,Plug-in Hybrid Electric Vehicle (PHEV),Not eligible due to low battery range,20
2021,AUDI,Q5 E,Plug-in Hybrid Electric Vehicle (PHEV),Not eligible due to low battery range,18
2021,AUDI,Q5 E,Plug-in Hybrid Electric Vehicle (PHEV),Not eligible due to low battery range,19
2023,AUDI,Q5 E,Plug-in Hybrid Electric Vehicle (PHEV),Not eligible due to low battery range,23
2024,AUDI,Q5 E,Plug-in Hybrid Electric Vehicle (PHEV),Not eligible due to low battery range,23
2025,AUDI,Q5 E,Plug-in Hybrid Electric Vehicle (PHEV),Not eligible due to low battery range,28
2025,AUDI,Q5 E,Plug-in Hybrid Electric Vehicle (PHEV),Not eligible due to low battery range,23
2025,AUDI,Q6,Battery Electric Vehicle (BEV),Eligibility unknown as battery range has not been researched,
2027,AUDI,Q6,Battery Electric Vehicle (BEV),Eligibility unknown as battery range has not been researched,
2024,AUDI,Q8,Battery Electric Vehicle (BEV),Eligibility unknown as battery range has not been researched,
2022,AUDI,RS E-TRON GT,Battery Electric Vehicle (BEV),Eligibility unknown as battery range has not been researched,
2023,AUDI,RS E-TRON GT,Battery Electric Vehicle (BEV),Eligibility unknown as battery range has not been researched,
2024,AUDI,RS E-TRON GT,Battery Electric Vehicle (BEV),Eligibility unknown as battery range has not been researched,
2025,AUDI,RS E-TRON GT,Battery Electric Vehicle (BEV),Eligibility unknown as battery range has not been researched,
2026,AUDI,RS E-TRON GT,Battery Electric Vehicle (BEV),Eligibility unknown as battery range has not been researched,
2025,AUDI,S E-TRON GT,Battery Electric Vehicle (BEV),Eligibility unknown as battery range has not been researched,
2026,AUDI,S E-TRON GT,Battery Electric Vehicle (BEV),Eligibility unknown as battery range has not been researched,
2025,AUDI,S6,Battery Electric Vehicle (BEV),Eligibility unknown as battery range has not been researched,
2027,AUDI,S6,Battery Electric Vehicle (BEV),Eligibility unknown as battery range has not been researched,
2025,AUDI,SQ6,Battery Electric Vehicle (BEV),Eligibility unknown as battery range has not been researched,
2027,AUDI,SQ6,Battery Electric Vehicle (BEV),Eligibility unknown as battery range has not been researched,
2024,AUDI,SQ8,Battery Electric Vehicle (BEV),Eligibility unknown as battery range has not been researched,
2011,AZURE DYNAMICS,TRANSIT CONNECT ELECTRIC,Battery Electric Vehicle (BEV),Clean Alternative Fuel Vehicle Eligible,56
2021,BENTLEY,BENTAYGA,Plug-in Hybrid Electric Vehicle (PHEV),Not eligible due to low battery range,17
2023,BENTLEY,BENTAYGA,Plug-in Hybrid Electric Vehicle (PHEV),Not eligible due to low battery range,23
2025,BENTLEY,CONTINENTAL,Plug-in Hybrid Electric Vehicle (PHEV),Clean Alternative Fuel Vehicle Eligible,50
2025,BENTLEY,CONTINENTAL,Plug-in Hybrid Electric Vehicle (PHEV),Clean Alternative Fuel Vehicle Eligible,30
2022,BENTLEY,FLYING SPUR,Plug-in Hybrid Electric Vehicle (PHEV),Not eligible due to low battery range,21
2025,BENTLEY,FLYING SPUR,Plug-in Hybrid Electric Vehicle (PHEV),Clean Alternative Fuel Vehicle Eligible,45
2016,BMW,330E,Plug-in Hybrid Electric Vehicle (PHEV),Not eligible due to low battery range,14
2017,BMW,330E,Plug-in Hybrid Electric Vehicle (PHEV),Not eligible due to low battery range,14
2018,BMW,330E,Plug-in Hybrid Electric Vehicle (PHEV),Not eligible due to low battery range,14
2021,BMW,330E,Plug-in Hybrid Electric Vehicle (PHEV),Not eligible due to low battery range,20
2021,BMW,330E,Plug-in Hybrid Electric Vehicle (PHEV),Not eligible due to low battery range,22
2022,BMW,330E,Plug-in Hybrid Electric Vehicle (PHEV),Not eligible due to low battery range,22
2023,BMW,330E,Plug-in Hybrid Electric Vehicle (PHEV),Not eligible due to low battery range,20
2023,BMW,330E,Plug-in Hybrid Electric Vehicle (PHEV),Not eligible due to low battery range,22
2024,BMW,330E,Plug-in Hybrid Electric Vehicle (PHEV),Not eligible due to low battery range,20
2024,BMW,330E,Plug-in Hybrid Electric Vehicle (PHEV),Not eligible due to low battery range,22
2018,BMW,530E,Plug-in Hybrid Electric Vehicle (PHEV),Not eligible due to low battery range,14
2018,BMW,530E,Plug-in Hybrid Electric Vehicle (PHEV),Not eligible due to low battery range,16
2019,BMW,530E,Plug-in Hybrid Electric Vehicle (PHEV),Not eligible due to low battery range,15
2019,BMW,530E,Plug-in Hybrid Electric Vehicle (PHEV),Not eligible due to low battery range,16
2020,BMW,530E,Plug-in Hybrid Electric Vehicle (PHEV),Not eligible due to low battery range,18
2020,BMW,530E,Plug-in Hybrid Electric Vehicle (PHEV),Not eligible due to low battery range,20
2021,BMW,530E,Plug-in Hybrid Electric Vehicle (PHEV),Not eligible due to low battery range,21
2021,BMW,530E,Plug-in Hybrid Electric Vehicle (PHEV),Not eligible due to low battery range,18
2022,BMW,530E,Plug-in Hybrid Electric Vehicle (PHEV),Not eligible due to low battery range,21
2022,BMW,530E,Plug-in Hybrid Electric Vehicle (PHEV),Not eligible due to low battery range,18
2023,BMW,530E,Plug-in Hybrid Electric Vehicle (PHEV),Not eligible due to low battery range,21
2023,BMW,530E,Plug-in Hybrid Electric Vehicle (PHEV),Not eligible due to low battery range,18
2025,BMW,550E,Plug-in Hybrid Electric Vehicle (PHEV),Clean Alternative Fuel Vehicle Eligible,40
2026,BMW,550E,Plug-in Hybrid Electric Vehicle (PHEV),Clean Alternative Fuel Vehicle Eligible,33
2027,BMW,550E,Battery Electric Vehicle (BEV),Eligibility unknown as battery range has not been researched,
2017,BMW,740E,Plug-in Hybrid Electric Vehicle (PHEV),Not eligible due to low battery range,14
2018,BMW,740E,Plug-in Hybrid Electric Vehicle (PHEV),Not eligible due to low battery range,14
2019,BMW,740E,Plug-in Hybrid Electric Vehicle (PHEV),Not eligible due to low battery range,14
2020,BMW,745E,Plug-in Hybrid Electric Vehicle (PHEV),Not eligible due to low battery range,16
2021,BMW,745E,Plug-in Hybrid Electric Vehicle (PHEV),Not eligible due to low battery range,16
2022,BMW,745LE,Plug-in Hybrid Electric Vehicle (PHEV),Not eligible due to low battery range,16
2024,BMW,750E,Plug-in Hybrid Electric Vehicle (PHEV),Clean Alternative Fuel Vehicle Eligible,36
2025,BMW,750E,Plug-in Hybrid Electric Vehicle (PHEV),Clean Alternative Fuel Vehicle Eligible,33
2026,BMW,750E,Plug-in Hybrid Electric Vehicle (PHEV),Clean Alternative Fuel Vehicle Eligible,34
2014,BMW,I3,Battery Electric Vehicle (BEV),Clean Alternative Fuel Vehicle Eligible,81
2014,BMW,I3,Plug-in Hybrid Electric Vehicle (PHEV),Clean Alternative Fuel Vehicle Eligible,72
2015,BMW,I3,Battery Electric Vehicle (BEV),Clean Alternative Fuel Vehicle Eligible,81
2015,BMW,I3,Plug-in Hybrid Electric Vehicle (PHEV),Clean Alternative Fuel Vehicle Eligible,72
2016,BMW,I3,Plug-in Hybrid Electric Vehicle (PHEV),Clean Alternative Fuel Vehicle Eligible,72
2016,BMW,I3,Battery Electric Vehicle (BEV),Clean Alternative Fuel Vehicle Eligible,81
2017,BMW,I3,Battery Electric Vehicle (BEV),Clean Alternative Fuel Vehicle Eligible,81
2017,BMW,I3,Plug-in Hybrid Electric Vehicle (PHEV),Clean Alternative Fuel Vehicle Eligible,97
2018,BMW,I3,Battery Electric Vehicle (BEV),Clean Alternative Fuel Vehicle Eligible,114
2018,BMW,I3,Plug-in Hybrid Electric Vehicle (PHEV),Clean Alternative Fuel Vehicle Eligible,97
2019,BMW,I3,Battery Electric Vehicle (BEV),Clean Alternative Fuel Vehicle Eligible,153
2019,BMW,I3,Plug-in Hybrid Electric Vehicle (PHEV),Clean Alternative Fuel Vehicle Eligible,126
2020,BMW,I3,Battery Electric Vehicle (BEV),Clean Alternative Fuel Vehicle Eligible,153
2020,BMW,I3,Plug-in Hybrid Electric Vehicle (PHEV),Clean Alternative Fuel Vehicle Eligible,126
2021,BMW,I3,Plug-in Hybrid Electric Vehicle (PHEV),Clean Alternative Fuel Vehicle Eligible,153
2021,BMW,I3,Battery Electric Vehicle (BEV),Eligibility unknown as battery range has not been researched,
2021,BMW,I3,Plug-in Hybrid Electric Vehicle (PHEV),Clean Alternative Fuel Vehicle Eligible,126
2022,BMW,I4,Battery Electric Vehicle (BEV),Eligibility unknown as battery range has not been researched,
2023,BMW,I4,Battery Electric Vehicle (BEV),Eligibility unknown as battery range has not been researched,
2024,BMW,I4,Battery Electric Vehicle (BEV),Eligibility unknown as battery range has not been researched,
2025,BMW,I4,Battery Electric Vehicle (BEV),Eligibility unknown as battery range has not been researched,
2026,BMW,I4,Battery Electric Vehicle (BEV),Eligibility unknown as battery range has not been researched,
2024,BMW,I5,Battery Electric Vehicle (BEV),Eligibility unknown as battery range has not been researched,
2025,BMW,I5,Battery Electric Vehicle (BEV),Eligibility unknown as battery range has not been researched,
2026,BMW,I5,Battery Electric Vehicle (BEV),Eligibility unknown as battery range has not been researched,
2027,BMW,I5,Battery Electric Vehicle (BEV),Eligibility unknown as battery range has not been researched,
2023,BMW,I7,Battery Electric Vehicle (BEV),Eligibility unknown as battery range has not been researched,
2024,BMW,I7,Battery Electric Vehicle (BEV),Eligibility unknown as battery range has not been researched,
2025,BMW,I7,Battery Electric Vehicle (BEV),Eligibility unknown as battery range has not been researched,
2026,BMW,I7,Battery Electric Vehicle (BEV),Eligibility unknown as battery range has not been researched,
2014,BMW,I8,Plug-in Hybrid Electric Vehicle (PHEV),Not eligible due to low battery range,14
2015,BMW,I8,Plug-in Hybrid Electric Vehicle (PHEV),Not eligible due to low battery range,14
2016,BMW,I8,Plug-in Hybrid Electric Vehicle (PHEV),Not eligible due to low battery range,14
2017,BMW,I8,Plug-in Hybrid Electric Vehicle (PHEV),Not eligible due to low battery range,14
2019,BMW,I8,Plug-in Hybrid Electric Vehicle (PHEV),Not eligible due to low battery range,17
2019,BMW,I8,Plug-in Hybrid Electric Vehicle (PHEV),Not eligible due to low battery range,18
2020,BMW,I8,Plug-in Hybrid Electric Vehicle (PHEV),Not eligible due to low battery range,17
2022,BMW,IX,Battery Electric Vehicle (BEV),Eligibility unknown as battery range has not been researched,
2023,BMW,IX,Battery Electric Vehicle (BEV),Eligibility unknown as battery range has not been researched,
2024,BMW,IX,Battery Electric Vehicle (BEV),Eligibility unknown as battery range has not been researched,
2025,BMW,IX,Battery Electric Vehicle (BEV),Eligibility unknown as battery range has not been researched,
2026,BMW,IX,Battery Electric Vehicle (BEV),Eligibility unknown as battery range has not been researched,
2025,BMW,M5,Plug-in Hybrid Electric Vehicle (PHEV),Not eligible due to low battery range,25
2026,BMW,M5,Plug-in Hybrid Electric Vehicle (PHEV),Not eligible due to low battery range,25
2026,BMW,M5,Plug-in Hybrid Electric Vehicle (PHEV),Not eligible due to low battery range,24
2027,BMW,M5,Plug-in Hybrid Electric Vehicle (PHEV),Not eligible due to low battery range,25
2020,BMW,X3,Plug-in Hybrid Electric Vehicle (PHEV),Not eligible due to low battery range,17
2021,BMW,X3,Plug-in Hybrid Electric Vehicle (PHEV),Not eligible due to low battery range,17
2016,BMW,X5,Plug-in Hybrid Electric Vehicle (PHEV),Not eligible due to low battery range,14
2017,BMW,X5,Plug-in Hybrid Electric Vehicle (PHEV),Not eligible due to low battery range,14
2018,BMW,X5,Plug-in Hybrid Electric Vehicle (PHEV),Not eligible due to low battery range,13
2021,BMW,X5,Plug-in Hybrid Electric Vehicle (PHEV),Clean Alternative Fuel Vehicle Eligible,30
2022,BMW,X5,Plug-in Hybrid Electric Vehicle (PHEV),Clean Alternative Fuel Vehicle Eligible,30
2023,BMW,X5,Plug-in Hybrid Electric Vehicle (PHEV),Clean Alternative Fuel Vehicle Eligible,30
2024,BMW,X5,Plug-in Hybrid Electric Vehicle (PHEV),Clean Alternative Fuel Vehicle Eligible,39
2025,BMW,X5,Plug-in Hybrid Electric Vehicle (PHEV),Clean Alternative Fuel Vehicle Eligible,40
2026,BMW,X5,Plug-in Hybrid Electric Vehicle (PHEV),Clean Alternative Fuel Vehicle Eligible,38
2024,BMW,XM,Plug-in Hybrid Electric Vehicle (PHEV),Clean Alternative Fuel Vehicle Eligible,31
2025,BMW,XM,Plug-in Hybrid Electric Vehicle (PHEV),Clean Alternative Fuel Vehicle Eligible,31
2026,BMW,XM,Plug-in Hybrid Electric Vehicle (PHEV),Not eligible due to low battery range,29
2023,BRIGHTDROP,ZEVO,Battery Electric Vehicle (BEV),Eligibility unknown as battery range has not been researched,
2024,BRIGHTDROP,ZEVO,Battery Electric Vehicle (BEV),Eligibility unknown as battery range has not been researched,
2017,CADILLAC,CT6,Plug-in Hybrid Electric Vehicle (PHEV),Clean Alternative Fuel Vehicle Eligible,31
2018,CADILLAC,CT6,Plug-in Hybrid Electric Vehicle (PHEV),Clean Alternative Fuel Vehicle Eligible,31
2014,CADILLAC,ELR,Plug-in Hybrid Electric Vehicle (PHEV),Clean Alternative Fuel Vehicle Eligible,37
2016,CADILLAC,ELR,Plug-in Hybrid Electric Vehicle (PHEV),Clean Alternative Fuel Vehicle Eligible,36
2016,CADILLAC,ELR,Plug-in Hybrid Electric Vehicle (PHEV),Clean Alternative Fuel Vehicle Eligible,40
2023,CADILLAC,LYRIQ,Battery Electric Vehicle (BEV),Eligibility unknown as battery range has not been researched,
2024,CADILLAC,LYRIQ,Battery Electric Vehicle (BEV),Eligibility unknown as battery range has not been researched,
2025,CADILLAC,LYRIQ,Battery Electric Vehicle (BEV),Eligibility unknown as battery range has not been researched,
2026,CADILLAC,LYRIQ,Battery Electric Vehicle (BEV),Eligibility unknown as battery range has not been researched,
2025,CADILLAC,OPTIQ,Battery Electric Vehicle (BEV),Eligibility unknown as battery range has not been researched,
2026,CADILLAC,OPTIQ,Battery Electric Vehicle (BEV),Eligibility unknown as battery range has not been researched,
2027,CADILLAC,OPTIQ,Battery Electric Vehicle (BEV),Eligibility unknown as battery range has not been researched,
2026,CADILLAC,VISTIQ,Battery Electric Vehicle (BEV),Eligibility unknown as battery range has not been researched,
2024,CHEVROLET,BLAZER,Battery Electric Vehicle (BEV),Eligibility unknown as battery range has not been researched,
2025,CHEVROLET,BLAZER,Battery Electric Vehicle (BEV),Eligibility unknown as battery range has not been researched,
2026,CHEVROLET,BLAZER,Battery Electric Vehicle (BEV),Eligibility unknown as battery range has not been researched,
2027,CHEVROLET,BOLT,Battery Electric Vehicle (BEV),Eligibility unknown as battery range has not been researched,
2022,CHEVROLET,BOLT EUV,Battery Electric Vehicle (BEV),Eligibility unknown as battery range has not been researched,
2023,CHEVROLET,BOLT EUV,Battery Electric Vehicle (BEV),Eligibility unknown as battery range has not been researched,
2017,CHEVROLET,BOLT EV,Battery Electric Vehicle (BEV),Clean Alternative Fuel Vehicle Eligible,238
2018,CHEVROLET,BOLT EV,Battery Electric Vehicle (BEV),Clean Alternative Fuel Vehicle Eligible,238
2019,CHEVROLET,BOLT EV,Battery Electric Vehicle (BEV),Clean Alternative Fuel Vehicle Eligible,238
2020,CHEVROLET,BOLT EV,Battery Electric Vehicle (BEV),Clean Alternative Fuel Vehicle Eligible,259
2021,CHEVROLET,BOLT EV,Battery Electric Vehicle (BEV),Eligibility unknown as battery range has not been researched,
2022,CHEVROLET,BOLT EV,Battery Electric Vehicle (BEV),Eligibility unknown as battery range has not been researched,
2023,CHEVROLET,BOLT EV,Battery Electric Vehicle (BEV),Eligibility unknown as battery range has not been researched,
2025,CHEVROLET,BRIGHTDROP,Battery Electric Vehicle (BEV),Eligibility unknown as battery range has not been researched,
2026,CHEVROLET,BRIGHTDROP,Battery Electric Vehicle (BEV),Eligibility unknown as battery range has not been researched,
2024,CHEVROLET,EQUINOX,Battery Electric Vehicle (BEV),Eligibility unknown as battery range has not been researched,
2025,CHEVROLET,EQUINOX,Battery Electric Vehicle (BEV),Eligibility unknown as battery range has not been researched,
2026,CHEVROLET,EQUINOX,Battery Electric Vehicle (BEV),Eligibility unknown as battery range has not been researched,
2024,CHEVROLET,SILVERADO,Battery Electric Vehicle (BEV),Eligibility unknown as battery range has not been researched,
2025,CHEVROLET,SILVERADO,Battery Electric Vehicle (BEV),Eligibility unknown as battery range has not been researched,
2026,CHEVROLET,SILVERADO,Battery Electric Vehicle (BEV),Eligibility unknown as battery range has not been researched,
2014,CHEVROLET,SPARK,Battery Electric Vehicle (BEV),Clean Alternative Fuel Vehicle Eligible,82
2015,CHEVROLET,SPARK,Battery Electric Vehicle (BEV),Clean Alternative Fuel Vehicle Eligible,82
2016,CHEVROLET,SPARK,Battery Electric Vehicle (BEV),Clean Alternative Fuel Vehicle Eligible,82
2011,CHEVROLET,VOLT,Plug-in Hybrid Electric Vehicle (PHEV),Clean Alternative Fuel Vehicle Eligible,35
2012,CHEVROLET,VOLT,Plug-in Hybrid Electric Vehicle (PHEV),Clean Alternative Fuel Vehicle Eligible,35
2013,CHEVROLET,VOLT,Plug-in Hybrid Electric Vehicle (PHEV),Clean Alternative Fuel Vehicle Eligible,38
2014,CHEVROLET,VOLT,Plug-in Hybrid Electric Vehicle (PHEV),Clean Alternative Fuel Vehicle Eligible,38
2015,CHEVROLET,VOLT,Plug-in Hybrid Electric Vehicle (PHEV),Clean Alternative Fuel Vehicle Eligible,38
2016,CHEVROLET,VOLT,Plug-in Hybrid Electric Vehicle (PHEV),Clean Alternative Fuel Vehicle Eligible,53
2017,CHEVROLET,VOLT,Plug-in Hybrid Electric Vehicle (PHEV),Clean Alternative Fuel Vehicle Eligible,53
2018,CHEVROLET,VOLT,Plug-in Hybrid Electric Vehicle (PHEV),Clean Alternative Fuel Vehicle Eligible,53
2019,CHEVROLET,VOLT,Plug-in Hybrid Electric Vehicle (PHEV),Clean Alternative Fuel Vehicle Eligible,53
2017,CHRYSLER,PACIFICA,Plug-in Hybrid Electric Vehicle (PHEV),Clean Alternative Fuel Vehicle Eligible,33
2018,CHRYSLER,PACIFICA,Plug-in Hybrid Electric Vehicle (PHEV),Clean Alternative Fuel Vehicle Eligible,33
2019,CHRYSLER,PACIFICA,Plug-in Hybrid Electric Vehicle (PHEV),Clean Alternative Fuel Vehicle Eligible,32
2020,CHRYSLER,PACIFICA,Plug-in Hybrid Electric Vehicle (PHEV),Clean Alternative Fuel Vehicle Eligible,32
2021,CHRYSLER,PACIFICA,Plug-in Hybrid Electric Vehicle (PHEV),Clean Alternative Fuel Vehicle Eligible,32
2022,CHRYSLER,PACIFICA,Plug-in Hybrid Electric Vehicle (PHEV),Clean Alternative Fuel Vehicle Eligible,32
2023,CHRYSLER,PACIFICA,Plug-in Hybrid Electric Vehicle (PHEV),Clean Alternative Fuel Vehicle Eligible,32
2024,CHRYSLER,PACIFICA,Plug-in Hybrid Electric Vehicle (PHEV),Clean Alternative Fuel Vehicle Eligible,32
2025,CHRYSLER,PACIFICA,Plug-in Hybrid Electric Vehicle (PHEV),Clean Alternative Fuel Vehicle Eligible,32
2026,CHRYSLER,PACIFICA,Plug-in Hybrid Electric Vehicle (PHEV),Clean Alternative Fuel Vehicle Eligible,32
2024,DODGE,CHARGER,Battery Electric Vehicle (BEV),Eligibility unknown as battery range has not been researched,
2025,DODGE,CHARGER,Battery Electric Vehicle (BEV),Eligibility unknown as battery range has not been researched,
2026,DODGE,CHARGER,Battery Electric Vehicle (BEV),Eligibility unknown as battery range has not been researched,
2024,DODGE,HORNET,Plug-in Hybrid Electric Vehicle (PHEV),Clean Alternative Fuel Vehicle Eligible,32
2026,FERRARI,296,Plug-in Hybrid Electric Vehicle (PHEV),Not eligible due to low battery range,7
2013,FIAT,500,Battery Electric Vehicle (BEV),Clean Alternative Fuel Vehicle Eligible,87
2014,FIAT,500,Battery Electric Vehicle (BEV),Clean Alternative Fuel Vehicle Eligible,87
2015,FIAT,500,Battery Electric Vehicle (BEV),Clean Alternative Fuel Vehicle Eligible,87
2016,FIAT,500,Battery Electric Vehicle (BEV),Clean Alternative Fuel Vehicle Eligible,84
2017,FIAT,500,Battery Electric Vehicle (BEV),Clean Alternative Fuel Vehicle Eligible,84
2018,FIAT,500,Battery Electric Vehicle (BEV),Clean Alternative Fuel Vehicle Eligible,84
2019,FIAT,500,Battery Electric Vehicle (BEV),Clean Alternative Fuel Vehicle Eligible,84
2024,FIAT,500E,Battery Electric Vehicle (BEV),Eligibility unknown as battery range has not been researched,
2025,FIAT,500E,Battery Electric Vehicle (BEV),Eligibility unknown as battery range has not been researched,
2012,FISKER,KARMA,Plug-in Hybrid Electric Vehicle (PHEV),Clean Alternative Fuel Vehicle Eligible,33
2023,FISKER,OCEAN,Battery Electric Vehicle (BEV),Eligibility unknown as battery range has not been researched,
2013,FORD,C-MAX,Plug-in Hybrid Electric Vehicle (PHEV),Not eligible due to low battery range,19
2014,FORD,C-MAX,Plug-in Hybrid Electric Vehicle (PHEV),Not eligible due to low battery range,19
2015,FORD,C-MAX,Plug-in Hybrid Electric Vehicle (PHEV),Not eligible due to low battery range,19
2016,FORD,C-MAX,Plug-in Hybrid Electric Vehicle (PHEV),Not eligible due to low battery range,19
2017,FORD,C-MAX,Plug-in Hybrid Electric Vehicle (PHEV),Not eligible due to low battery range,20
2021,FORD,ESCAPE,Plug-in Hybrid Electric Vehicle (PHEV),Clean Alternative Fuel Vehicle Eligible,38
2022,FORD,ESCAPE,Plug-in Hybrid Electric Vehicle (PHEV),Clean Alternative Fuel Vehicle Eligible,38
2023,FORD,ESCAPE,Plug-in Hybrid Electric Vehicle (PHEV),Clean Alternative Fuel Vehicle Eligible,37
2024,FORD,ESCAPE,Plug-in Hybrid Electric Vehicle (PHEV),Clean Alternative Fuel Vehicle Eligible,37
2025,FORD,ESCAPE,Plug-in Hybrid Electric Vehicle (PHEV),Clean Alternative Fuel Vehicle Eligible,37
2026,FORD,ESCAPE,Plug-in Hybrid Electric Vehicle (PHEV),Clean Alternative Fuel Vehicle Eligible,37
2022,FORD,F-150,Battery Electric Vehicle (BEV),Eligibility unknown as battery range has not been researched,
2023,FORD,F-150,Battery Electric Vehicle (BEV),Eligibility unknown as battery range has not been researched,
2024,FORD,F-150,Battery Electric Vehicle (BEV),Eligibility unknown as battery range has not been researched,
2025,FORD,F-150,Battery Electric Vehicle (BEV),Eligibility unknown as battery range has not been researched,
2012,FORD,FOCUS,Battery Electric Vehicle (BEV),Clean Alternative Fuel Vehicle Eligible,76
2013,FORD,FOCUS,Battery Electric Vehicle (BEV),Clean Alternative Fuel Vehicle Eligible,76
2014,FORD,FOCUS,Battery Electric Vehicle (BEV),Clean Alternative Fuel Vehicle Eligible,76
2015,FORD,FOCUS,Battery Electric Vehicle (BEV),Clean Alternative Fuel Vehicle Eligible,76
2016,FORD,FOCUS,Battery Electric Vehicle (BEV),Clean Alternative Fuel Vehicle Eligible,76
2017,FORD,FOCUS,Battery Electric Vehicle (BEV),Clean Alternative Fuel Vehicle Eligible,100
2018,FORD,FOCUS,Battery Electric Vehicle (BEV),Clean Alternative Fuel Vehicle Eligible,100
2013,FORD,FUSION,Plug-in Hybrid Electric Vehicle (PHEV),Not eligible due to low battery range,19
2014,FORD,FUSION,Plug-in Hybrid Electric Vehicle (PHEV),Not eligible due to low battery range,19
2015,FORD,FUSION,Plug-in Hybrid Electric Vehicle (PHEV),Not eligible due to low battery range,19
2016,FORD,FUSION,Plug-in Hybrid Electric Vehicle (PHEV),Not eligible due to low battery range,19
2017,FORD,FUSION,Plug-in Hybrid Electric Vehicle (PHEV),Not eligible due to low battery range,21
2018,FORD,FUSION,Plug-in Hybrid Electric Vehicle (PHEV),Not eligible due to low battery range,21
2019,FORD,FUSION,Plug-in Hybrid Electric Vehicle (PHEV),Not eligible due to low battery range,26
2020,FORD,FUSION,Plug-in Hybrid Electric Vehicle (PHEV),Not eligible due to low battery range,26
2021,FORD,MUSTANG MACH-E,Battery Electric Vehicle (BEV),Eligibility unknown as battery range has not been researched,
2022,FORD,MUSTANG MACH-E,Battery Electric Vehicle (BEV),Eligibility unknown as battery range has not been researched,
2023,FORD,MUSTANG MACH-E,Battery Electric Vehicle (BEV),Eligibility unknown as battery range has not been researched,
2024,FORD,MUSTANG MACH-E,Battery Electric Vehicle (BEV),Eligibility unknown as battery range has not been researched,
2025,FORD,MUSTANG MACH-E,Battery Electric Vehicle (BEV),Eligibility unknown as battery range has not been researched,
2026,FORD,MUSTANG MACH-E,Battery Electric Vehicle (BEV),Eligibility unknown as battery range has not been researched,
1999,FORD,RANGER,Battery Electric Vehicle (BEV),Clean Alternative Fuel Vehicle Eligible,74
2000,FORD,RANGER,Battery Electric Vehicle (BEV),Clean Alternative Fuel Vehicle Eligible,58
2022,FORD,TRANSIT,Battery Electric Vehicle (BEV),Eligibility unknown as battery range has not been researched,
2023,FORD,TRANSIT,Battery Electric Vehicle (BEV),Eligibility unknown as battery range has not been researched,
2024,FORD,TRANSIT,Battery Electric Vehicle (BEV),Eligibility unknown as battery range has not been researched,
2025,FORD,TRANSIT,Battery Electric Vehicle (BEV),Eligibility unknown as battery range has not been researched,
2026,FORD,TRANSIT,Battery Electric Vehicle (BEV),Eligibility unknown as battery range has not been researched,
2023,GENESIS,G80,Battery Electric Vehicle (BEV),Eligibility unknown as battery range has not been researched,
2024,GENESIS,G80,Battery Electric Vehicle (BEV),Eligibility unknown as battery range has not been researched,
2023,GENESIS,GV60,Battery Electric Vehicle (BEV),Eligibility unknown as battery range has not been researched,
2024,GENESIS,GV60,Battery Electric Vehicle (BEV),Eligibility unknown as battery range has not been researched,
2025,GENESIS,GV60,Battery Electric Vehicle (BEV),Eligibility unknown as battery range has not been researched,
2026,GENESIS,GV60,Battery Electric Vehicle (BEV),Eligibility unknown as battery range has not been researched,
2023,GENESIS,GV70,Battery Electric Vehicle (BEV),Eligibility unknown as battery range has not been researched,
2024,GENESIS,GV70,Battery Electric Vehicle (BEV),Eligibility unknown as battery range has not been researched,
2025,GENESIS,GV70,Battery Electric Vehicle (BEV),Eligibility unknown as battery range has not been researched,
2026,GENESIS,GV70,Battery Electric Vehicle (BEV),Eligibility unknown as battery range has not been researched,
2024,GMC,HUMMER EV PICKUP,Battery Electric Vehicle (BEV),Eligibility unknown as battery range has not been researched,
2025,GMC,HUMMER EV PICKUP,Battery Electric Vehicle (BEV),Eligibility unknown as battery range has not been researched,
2024,GMC,HUMMER EV SUV,Battery Electric Vehicle (BEV),Eligibility unknown as battery range has not been researched,
2025,GMC,HUMMER EV SUV,Battery Electric Vehicle (BEV),Eligibility unknown as battery range has not been researched,
2025,GMC,SIERRA,Battery Electric Vehicle (BEV),Eligibility unknown as battery range has not been researched,
2026,GMC,SIERRA,Battery Electric Vehicle (BEV),Eligibility unknown as battery range has not been researched,
2014,HONDA,ACCORD,Plug-in Hybrid Electric Vehicle (PHEV),Not eligible due to low battery range,13
2018,HONDA,CLARITY,Plug-in Hybrid Electric Vehicle (PHEV),Clean Alternative Fuel Vehicle Eligible,47
2019,HONDA,CLARITY,Plug-in Hybrid Electric Vehicle (PHEV),Clean Alternative Fuel Vehicle Eligible,47
2020,HONDA,CLARITY,Plug-in Hybrid Electric Vehicle (PHEV),Clean Alternative Fuel Vehicle Eligible,47
2021,HONDA,CLARITY,Plug-in Hybrid Electric Vehicle (PHEV),Clean Alternative Fuel Vehicle Eligible,47
2021,HONDA,CLARITY,Plug-in Hybrid Electric Vehicle (PHEV),Clean Alternative Fuel Vehicle Eligible,48
2024,HONDA,PROLOGUE,Battery Electric Vehicle (BEV),Eligibility unknown as battery range has not been researched,
2025,HONDA,PROLOGUE,Battery Electric Vehicle (BEV),Eligibility unknown as battery range has not been researched,
2026,HONDA,PROLOGUE,Battery Electric Vehicle (BEV),Eligibility unknown as battery range has not been researched,
2017,HYUNDAI,IONIQ,Battery Electric Vehicle (BEV),Clean Alternative Fuel Vehicle Eligible,124
2018,HYUNDAI,IONIQ,Plug-in Hybrid Electric Vehicle (PHEV),Not eligible due to low battery range,29
2018,HYUNDAI,IONIQ,Battery Electric Vehicle (BEV),Eligibility unknown as battery range has not been researched,
2018,HYUNDAI,IONIQ,Battery Electric Vehicle (BEV),Clean Alternative Fuel Vehicle Eligible,124
2019,HYUNDAI,IONIQ,Plug-in Hybrid Electric Vehicle (PHEV),Not eligible due to low battery range,29
2019,HYUNDAI,IONIQ,Battery Electric Vehicle (BEV),Clean Alternative Fuel Vehicle Eligible,124
2019,HYUNDAI,IONIQ,Battery Electric Vehicle (BEV),Not eligible due to low battery range,29
2020,HYUNDAI,IONIQ,Plug-in Hybrid Electric Vehicle (PHEV),Not eligible due to low battery range,29
2020,HYUNDAI,IONIQ,Battery Electric Vehicle (BEV),Clean Alternative Fuel Vehicle Eligible,170
2021,HYUNDAI,IONIQ,Battery Electric Vehicle (BEV),Eligibility unknown as battery range has not been researched,
2021,HYUNDAI,IONIQ,Plug-in Hybrid Electric Vehicle (PHEV),Not eligible due to low battery range,29
2022,HYUNDAI,IONIQ,Plug-in Hybrid Electric Vehicle (PHEV),Not eligible due to low battery range,29
2022,HYUNDAI,IONIQ 5,Battery Electric Vehicle (BEV),Eligibility unknown as battery range has not been researched,
2023,HYUNDAI,IONIQ 5,Battery Electric Vehicle (BEV),Eligibility unknown as battery range has not been researched,
2024,HYUNDAI,IONIQ 5,Battery Electric Vehicle (BEV),Eligibility unknown as battery range has not been researched,
2025,HYUNDAI,IONIQ 5,Battery Electric Vehicle (BEV),Eligibility unknown as battery range has not been researched,
2026,HYUNDAI,IONIQ 5,Battery Electric Vehicle (BEV),Eligibility unknown as battery range has not been researched,
2025,HYUNDAI,IONIQ 5 N,Battery Electric Vehicle (BEV),Eligibility unknown as battery range has not been researched,
2023,HYUNDAI,IONIQ 6,Battery Electric Vehicle (BEV),Eligibility unknown as battery range has not been researched,
2024,HYUNDAI,IONIQ 6,Battery Electric Vehicle (BEV),Eligibility unknown as battery range has not been researched,
2025,HYUNDAI,IONIQ 6,Battery Electric Vehicle (BEV),Eligibility unknown as battery range has not been researched,
2026,HYUNDAI,IONIQ 9,Battery Electric Vehicle (BEV),Eligibility unknown as battery range has not been researched,
2019,HYUNDAI,KONA,Battery Electric Vehicle (BEV),Clean Alternative Fuel Vehicle Eligible,258
2020,HYUNDAI,KONA,Battery Electric Vehicle (BEV),Clean Alternative Fuel Vehicle Eligible,258
2021,HYUNDAI,KONA,Battery Electric Vehicle (BEV),Eligibility unknown as battery range has not been researched,
2022,HYUNDAI,KONA,Battery Electric Vehicle (BEV),Eligibility unknown as battery range has not been researched,
2023,HYUNDAI,KONA,Battery Electric Vehicle (BEV),Eligibility unknown as battery range has not been researched,
2024,HYUNDAI,KONA,Battery Electric Vehicle (BEV),Eligibility unknown as battery range has not been researched,
2025,HYUNDAI,KONA,Battery Electric Vehicle (BEV),Eligibility unknown as battery range has not been researched,
2022,HYUNDAI,SANTA FE,Plug-in Hybrid Electric Vehicle (PHEV),Clean Alternative Fuel Vehicle Eligible,31
2023,HYUNDAI,SANTA FE,Plug-in Hybrid Electric Vehicle (PHEV),Clean Alternative Fuel Vehicle Eligible,30
2016,HYUNDAI,SONATA,Plug-in Hybrid Electric Vehicle (PHEV),Not eligible due to low battery range,27
2017,HYUNDAI,SONATA,Plug-in Hybrid Electric Vehicle (PHEV),Not eligible due to low battery range,27
2019,HYUNDAI,SONATA,Plug-in Hybrid Electric Vehicle (PHEV),Not eligible due to low battery range,28
2022,HYUNDAI,TUCSON,Plug-in Hybrid Electric Vehicle (PHEV),Clean Alternative Fuel Vehicle Eligible,33
2023,HYUNDAI,TUCSON,Plug-in Hybrid Electric Vehicle (PHEV),Clean Alternative Fuel Vehicle Eligible,33
2024,HYUNDAI,TUCSON,Plug-in Hybrid Electric Vehicle (PHEV),Clean Alternative Fuel Vehicle Eligible,33
2025,HYUNDAI,TUCSON,Plug-in Hybrid Electric Vehicle (PHEV),Clean Alternative Fuel Vehicle Eligible,32
2026,HYUNDAI,TUCSON,Plug-in Hybrid Electric Vehicle (PHEV),Clean Alternative Fuel Vehicle Eligible,32
2019,JAGUAR,I-PACE,Battery Electric Vehicle (BEV),Clean Alternative Fuel Vehicle Eligible,234
2020,JAGUAR,I-PACE,Battery Electric Vehicle (BEV),Clean Alternative Fuel Vehicle Eligible,234
2022,JAGUAR,I-PACE,Battery Electric Vehicle (BEV),Eligibility unknown as battery range has not been researched,
2023,JAGUAR,I-PACE,Battery Electric Vehicle (BEV),Eligibility unknown as battery range has not been researched,
2024,JAGUAR,I-PACE,Battery Electric Vehicle (BEV),Eligibility unknown as battery range has not been researched,
2022,JEEP,GRAND CHEROKEE,Plug-in Hybrid Electric Vehicle (PHEV),Not eligible due to low battery range,25
2023,JEEP,GRAND CHEROKEE,Plug-in Hybrid Electric Vehicle (PHEV),Not eligible due to low battery range,25
2024,JEEP,GRAND CHEROKEE,Plug-in Hybrid Electric Vehicle (PHEV),Not eligible due to low battery range,25
2025,JEEP,GRAND CHEROKEE,Plug-in Hybrid Electric Vehicle (PHEV),Not eligible due to low battery range,25
2024,JEEP,WAGONEER S,Battery Electric Vehicle (BEV),Eligibility unknown as battery range has not been researched,
2025,JEEP,WAGONEER S,Battery Electric Vehicle (BEV),Eligibility unknown as battery range has not been researched,
2021,JEEP,WRANGLER,Plug-in Hybrid Electric Vehicle (PHEV),Not eligible due to low battery range,25
2021,JEEP,WRANGLER,Plug-in Hybrid Electric Vehicle (PHEV),Not eligible due to low battery range,21
2022,JEEP,WRANGLER,Plug-in Hybrid Electric Vehicle (PHEV),Not eligible due to low battery range,21
2022,JEEP,WRANGLER,Plug-in Hybrid Electric Vehicle (PHEV),Not eligible due to low battery range,22
2023,JEEP,WRANGLER,Plug-in Hybrid Electric Vehicle (PHEV),Not eligible due to low battery range,21
2024,JEEP,WRANGLER,Plug-in Hybrid Electric Vehicle (PHEV),Not eligible due to low battery range,21
2025,JEEP,WRANGLER,Plug-in Hybrid Electric Vehicle (PHEV),Not eligible due to low battery range,21
2022,KIA,EV6,Battery Electric Vehicle (BEV),Eligibility unknown as battery range has not been researched,
2023,KIA,EV6,Battery Electric Vehicle (BEV),Eligibility unknown as battery range has not been researched,
2024,KIA,EV6,Battery Electric Vehicle (BEV),Eligibility unknown as battery range has not been researched,
2025,KIA,EV6,Battery Electric Vehicle (BEV),Eligibility unknown as battery range has not been researched,
2026,KIA,EV6,Battery Electric Vehicle (BEV),Eligibility unknown as battery range has not been researched,
2024,KIA,EV9,Battery Electric Vehicle (BEV),Eligibility unknown as battery range has not been researched,
2025,KIA,EV9,Battery Electric Vehicle (BEV),Eligibility unknown as battery range has not been researched,
2026,KIA,EV9,Battery Electric Vehicle (BEV),Eligibility unknown as battery range has not been researched,
2018,KIA,NIRO,Plug-in Hybrid Electric Vehicle (PHEV),Not eligible due to low battery range,26
2019,KIA,NIRO,Battery Electric Vehicle (BEV),Clean Alternative Fuel Vehicle Eligible,239
2019,KIA,NIRO,Plug-in Hybrid Electric Vehicle (PHEV),Not eligible due to low battery range,26
2020,KIA,NIRO,Battery Electric Vehicle (BEV),Clean Alternative Fuel Vehicle Eligible,239
2020,KIA,NIRO,Plug-in Hybrid Electric Vehicle (PHEV),Not eligible due to low battery range,26
2021,KIA,NIRO,Battery Electric Vehicle (BEV),Eligibility unknown as battery range has not been researched,
2021,KIA,NIRO,Plug-in Hybrid Electric Vehicle (PHEV),Not eligible due to low battery range,26
2022,KIA,NIRO,Battery Electric Vehicle (BEV),Eligibility unknown as battery range has not been researched,
2022,KIA,NIRO,Plug-in Hybrid Electric Vehicle (PHEV),Not eligible due to low battery range,26
2023,KIA,NIRO,Plug-in Hybrid Electric Vehicle (PHEV),Clean Alternative Fuel Vehicle Eligible,33
2023,KIA,NIRO,Battery Electric Vehicle (BEV),Eligibility unknown as battery range has not been researched,
2024,KIA,NIRO,Plug-in Hybrid Electric Vehicle (PHEV),Clean Alternative Fuel Vehicle Eligible,33
2024,KIA,NIRO,Battery Electric Vehicle (BEV),Eligibility unknown as battery range has not been researched,
2025,KIA,NIRO,Battery Electric Vehicle (BEV),Eligibility unknown as battery range has not been researched,
2025,KIA,NIRO,Plug-in Hybrid Electric Vehicle (PHEV),Clean Alternative Fuel Vehicle Eligible,33
2026,KIA,NIRO,Battery Electric Vehicle (BEV),Eligibility unknown as battery range has not been researched,
2017,KIA,OPTIMA,Plug-in Hybrid Electric Vehicle (PHEV),Not eligible due to low battery range,29
2018,KIA,OPTIMA,Plug-in Hybrid Electric Vehicle (PHEV),Not eligible due to low battery range,29
2019,KIA,OPTIMA,Plug-in Hybrid Electric Vehicle (PHEV),Not eligible due to low battery range,29
2020,KIA,OPTIMA,Plug-in Hybrid Electric Vehicle (PHEV),Not eligible due to low battery range,28
2022,KIA,SORENTO,Plug-in Hybrid Electric Vehicle (PHEV),Clean Alternative Fuel Vehicle Eligible,32
2023,KIA,SORENTO,Plug-in Hybrid Electric Vehicle (PHEV),Clean Alternative Fuel Vehicle Eligible,32
2024,KIA,SORENTO,Plug-in Hybrid Electric Vehicle (PHEV),Clean Alternative Fuel Vehicle Eligible,32
2025,KIA,SORENTO,Plug-in Hybrid Electric Vehicle (PHEV),Clean Alternative Fuel Vehicle Eligible,30
2026,KIA,SORENTO,Plug-in Hybrid Electric Vehicle (PHEV),Clean Alternative Fuel Vehicle Eligible,30
2015,KIA,SOUL,Battery Electric Vehicle (BEV),Clean Alternative Fuel Vehicle Eligible,93
2016,KIA,SOUL,Battery Electric Vehicle (BEV),Clean Alternative Fuel Vehicle Eligible,93
2017,KIA,SOUL,Battery Electric Vehicle (BEV),Clean Alternative Fuel Vehicle Eligible,93
2018,KIA,SOUL,Battery Electric Vehicle (BEV),Clean Alternative Fuel Vehicle Eligible,111
2019,KIA,SOUL,Battery Electric Vehicle (BEV),Eligibility unknown as battery range has not been researched,
2023,KIA,SPORTAGE,Plug-in Hybrid Electric Vehicle (PHEV),Clean Alternative Fuel Vehicle Eligible,34
2024,KIA,SPORTAGE,Plug-in Hybrid Electric Vehicle (PHEV),Clean Alternative Fuel Vehicle Eligible,34
2025,KIA,SPORTAGE,Plug-in Hybrid Electric Vehicle (PHEV),Clean Alternative Fuel Vehicle Eligible,34
2026,KIA,SPORTAGE,Plug-in Hybrid Electric Vehicle (PHEV),Clean Alternative Fuel Vehicle Eligible,33
2024,LAMBORGHINI,REVUELTO,Plug-in Hybrid Electric Vehicle (PHEV),Not eligible due to low battery range,6
2025,LAMBORGHINI,REVUELTO,Plug-in Hybrid Electric Vehicle (PHEV),Clean Alternative Fuel Vehicle Eligible,
2026,LAMBORGHINI,REVUELTO,Plug-in Hybrid Electric Vehicle (PHEV),Clean Alternative Fuel Vehicle Eligible,
2026,LAMBORGHINI,TEMERARIO,Plug-in Hybrid Electric Vehicle (PHEV),Clean Alternative Fuel Vehicle Eligible,
2025,LAMBORGHINI,URUS,Plug-in Hybrid Electric Vehicle (PHEV),Clean Alternative Fuel Vehicle Eligible,37
2026,LAMBORGHINI,URUS,Plug-in Hybrid Electric Vehicle (PHEV),Clean Alternative Fuel Vehicle Eligible,35
2020,LAND ROVER,RANGE ROVER,Plug-in Hybrid Electric Vehicle (PHEV),Not eligible due to low battery range,19
2021,LAND ROVER,RANGE ROVER,Plug-in Hybrid Electric Vehicle (PHEV),Not eligible due to low battery range,19
2023,LAND ROVER,RANGE ROVER,Plug-in Hybrid Electric Vehicle (PHEV),Clean Alternative Fuel Vehicle Eligible,51
2024,LAND ROVER,RANGE ROVER,Plug-in Hybrid Electric Vehicle (PHEV),Clean Alternative Fuel Vehicle Eligible,59
2025,LAND ROVER,RANGE ROVER,Plug-in Hybrid Electric Vehicle (PHEV),Clean Alternative Fuel Vehicle Eligible,58
2026,LAND ROVER,RANGE ROVER,Plug-in Hybrid Electric Vehicle (PHEV),Clean Alternative Fuel Vehicle Eligible,50
2020,LAND ROVER,RANGE ROVER SPORT,Plug-in Hybrid Electric Vehicle (PHEV),Not eligible due to low battery range,19
2021,LAND ROVER,RANGE ROVER SPORT,Plug-in Hybrid Electric Vehicle (PHEV),Not eligible due to low battery range,19
2023,LAND ROVER,RANGE ROVER SPORT,Plug-in Hybrid Electric Vehicle (PHEV),Not eligible due to low battery range,19
2024,LAND ROVER,RANGE ROVER SPORT,Plug-in Hybrid Electric Vehicle (PHEV),Clean Alternative Fuel Vehicle Eligible,59
2025,LAND ROVER,RANGE ROVER SPORT,Plug-in Hybrid Electric Vehicle (PHEV),Clean Alternative Fuel Vehicle Eligible,58
2025,LAND ROVER,RANGE ROVER SPORT,Plug-in Hybrid Electric Vehicle (PHEV),Clean Alternative Fuel Vehicle Eligible,60
2026,LAND ROVER,RANGE ROVER SPORT,Plug-in Hybrid Electric Vehicle (PHEV),Clean Alternative Fuel Vehicle Eligible,50
2026,LEXUS,ES,Battery Electric Vehicle (BEV),Eligibility unknown as battery range has not been researched,
2022,LEXUS,NX,Plug-in Hybrid Electric Vehicle (PHEV),Clean Alternative Fuel Vehicle Eligible,37
2023,LEXUS,NX,Plug-in Hybrid Electric Vehicle (PHEV),Clean Alternative Fuel Vehicle Eligible,37
2024,LEXUS,NX,Plug-in Hybrid Electric Vehicle (PHEV),Clean Alternative Fuel Vehicle Eligible,37
2025,LEXUS,NX,Plug-in Hybrid Electric Vehicle (PHEV),Clean Alternative Fuel Vehicle Eligible,37
2026,LEXUS,NX,Plug-in Hybrid Electric Vehicle (PHEV),Clean Alternative Fuel Vehicle Eligible,37
2024,LEXUS,RX,Plug-in Hybrid Electric Vehicle (PHEV),Clean Alternative Fuel Vehicle Eligible,37
2025,LEXUS,RX,Plug-in Hybrid Electric Vehicle (PHEV),Clean Alternative Fuel Vehicle Eligible,37
2026,LEXUS,RX,Plug-in Hybrid Electric Vehicle (PHEV),Clean Alternative Fuel Vehicle Eligible,38
2023,LEXUS,RZ,Battery Electric Vehicle (BEV),Eligibility unknown as battery range has not been researched,
2024,LEXUS,RZ,Battery Electric Vehicle (BEV),Eligibility unknown as battery range has not been researched,
2025,LEXUS,RZ,Battery Electric Vehicle (BEV),Eligibility unknown as battery range has not been researched,
2026,LEXUS,RZ,Battery Electric Vehicle (BEV),Eligibility unknown as battery range has not been researched,
2024,LEXUS,TX,Plug-in Hybrid Electric Vehicle (PHEV),Clean Alternative Fuel Vehicle Eligible,33
2025,LEXUS,TX,Plug-in Hybrid Electric Vehicle (PHEV),Clean Alternative Fuel Vehicle Eligible,33
2026,LEXUS,TX,Plug-in Hybrid Electric Vehicle (PHEV),Clean Alternative Fuel Vehicle Eligible,33
2020,LINCOLN,AVIATOR,Plug-in Hybrid Electric Vehicle (PHEV),Not eligible due to low battery range,21
2021,LINCOLN,AVIATOR,Plug-in Hybrid Electric Vehicle (PHEV),Not eligible due to low battery range,21
2022,LINCOLN,AVIATOR,Plug-in Hybrid Electric Vehicle (PHEV),Not eligible due to low battery range,21
2023,LINCOLN,AVIATOR,Plug-in Hybrid Electric Vehicle (PHEV),Not eligible due to low battery range,21
2021,LINCOLN,CORSAIR,Plug-in Hybrid Electric Vehicle (PHEV),Not eligible due to low battery range,28
2022,LINCOLN,CORSAIR,Plug-in Hybrid Electric Vehicle (PHEV),Not eligible due to low battery range,28
2023,LINCOLN,CORSAIR,Plug-in Hybrid Electric Vehicle (PHEV),Not eligible due to low battery range,28
2024,LINCOLN,CORSAIR,Plug-in Hybrid Electric Vehicle (PHEV),Not eligible due to low battery range,28
2025,LINCOLN,CORSAIR,Plug-in Hybrid Electric Vehicle (PHEV),Not eligible due to low battery range,27
2026,LINCOLN,CORSAIR,Plug-in Hybrid Electric Vehicle (PHEV),Not eligible due to low battery range,27
2022,LUCID,AIR,Battery Electric Vehicle (BEV),Eligibility unknown as battery range has not been researched,
2023,LUCID,AIR,Battery Electric Vehicle (BEV),Eligibility unknown as battery range has not been researched,
2024,LUCID,AIR,Battery Electric Vehicle (BEV),Eligibility unknown as battery range has not been researched,
2025,LUCID,AIR,Battery Electric Vehicle (BEV),Eligibility unknown as battery range has not been researched,
2026,LUCID,AIR,Battery Electric Vehicle (BEV),Eligibility unknown as battery range has not been researched,
2025,LUCID,GRAVITY,Battery Electric Vehicle (BEV),Eligibility unknown as battery range has not been researched,
2026,LUCID,GRAVITY,Battery Electric Vehicle (BEV),Eligibility unknown as battery range has not been researched,
2025,MASERATI,GRANCABRIO,Battery Electric Vehicle (BEV),Eligibility unknown as battery range has not been researched,
2025,MAZDA,CX-70,Plug-in Hybrid Electric Vehicle (PHEV),Not eligible due to low battery range,26
2026,MAZDA,CX-70,Plug-in Hybrid Electric Vehicle (PHEV),Clean Alternative Fuel Vehicle Eligible,32
2024,MAZDA,CX-90,Plug-in Hybrid Electric Vehicle (PHEV),Not eligible due to low battery range,26
2025,MAZDA,CX-90,Plug-in Hybrid Electric Vehicle (PHEV),Not eligible due to low battery range,26
2026,MAZDA,CX-90,Plug-in Hybrid Electric Vehicle (PHEV),Not eligible due to low battery range,27
2022,MAZDA,MX-30,Battery Electric Vehicle (BEV),Eligibility unknown as battery range has not been researched,
2023,MAZDA,MX-30,Battery Electric Vehicle (BEV),Eligibility unknown as battery range has not been researched,
2025,MERCEDES-BENZ,AMG GT,Plug-in Hybrid Electric Vehicle (PHEV),Not eligible due to low battery range,1
2026,MERCEDES-BENZ,AMG GT,Plug-in Hybrid Electric Vehicle (PHEV),Not eligible due to low battery range,7
2014,MERCEDES-BENZ,B-CLASS,Battery Electric Vehicle (BEV),Clean Alternative Fuel Vehicle Eligible,87
2015,MERCEDES-BENZ,B-CLASS,Battery Electric Vehicle (BEV),Clean Alternative Fuel Vehicle Eligible,87
2016,MERCEDES-BENZ,B-CLASS,Battery Electric Vehicle (BEV),Clean Alternative Fuel Vehicle Eligible,87
2017,MERCEDES-BENZ,B-CLASS,Battery Electric Vehicle (BEV),Clean Alternative Fuel Vehicle Eligible,87
2016,MERCEDES-BENZ,C-CLASS,Plug-in Hybrid Electric Vehicle (PHEV),Not eligible due to low battery range,11
2017,MERCEDES-BENZ,C-CLASS,Plug-in Hybrid Electric Vehicle (PHEV),Not eligible due to low battery range,8
2018,MERCEDES-BENZ,C-CLASS,Plug-in Hybrid Electric Vehicle (PHEV),Not eligible due to low battery range,8
2025,MERCEDES-BENZ,C-CLASS,Plug-in Hybrid Electric Vehicle (PHEV),Not eligible due to low battery range,1
2026,MERCEDES-BENZ,CLA-CLASS,Battery Electric Vehicle (BEV),Eligibility unknown as battery range has not been researched,
2025,MERCEDES-BENZ,E-CLASS,Plug-in Hybrid Electric Vehicle (PHEV),Clean Alternative Fuel Vehicle Eligible,43
2026,MERCEDES-BENZ,E-CLASS,Plug-in Hybrid Electric Vehicle (PHEV),Clean Alternative Fuel Vehicle Eligible,43
2022,MERCEDES-BENZ,EQB-CLASS,Battery Electric Vehicle (BEV),Eligibility unknown as battery range has not been researched,
2023,MERCEDES-BENZ,EQB-CLASS,Battery Electric Vehicle (BEV),Eligibility unknown as battery range has not been researched,
2024,MERCEDES-BENZ,EQB-CLASS,Battery Electric Vehicle (BEV),Eligibility unknown as battery range has not been researched,
2025,MERCEDES-BENZ,EQB-CLASS,Battery Electric Vehicle (BEV),Eligibility unknown as battery range has not been researched,
2023,MERCEDES-BENZ,EQE-CLASS SEDAN,Battery Electric Vehicle (BEV),Eligibility unknown as battery range has not been researched,
2024,MERCEDES-BENZ,EQE-CLASS SEDAN,Battery Electric Vehicle (BEV),Eligibility unknown as battery range has not been researched,
2025,MERCEDES-BENZ,EQE-CLASS SEDAN,Battery Electric Vehicle (BEV),Eligibility unknown as battery range has not been researched,
2026,MERCEDES-BENZ,EQE-CLASS SEDAN,Battery Electric Vehicle (BEV),Eligibility unknown as battery range has not been researched,
2023,MERCEDES-BENZ,EQE-CLASS SUV,Battery Electric Vehicle (BEV),Eligibility unknown as battery range has not been researched,
2024,MERCEDES-BENZ,EQE-CLASS SUV,Battery Electric Vehicle (BEV),Eligibility unknown as battery range has not been researched,
2025,MERCEDES-BENZ,EQE-CLASS SUV,Battery Electric Vehicle (BEV),Eligibility unknown as battery range has not been researched,
2026,MERCEDES-BENZ,EQE-CLASS SUV,Battery Electric Vehicle (BEV),Eligibility unknown as battery range has not been researched,
2022,MERCEDES-BENZ,EQS-CLASS SEDAN,Battery Electric Vehicle (BEV),Eligibility unknown as battery range has not been researched,
2023,MERCEDES-BENZ,EQS-CLASS SEDAN,Battery Electric Vehicle (BEV),Eligibility unknown as battery range has not been researched,
2024,MERCEDES-BENZ,EQS-CLASS SEDAN,Battery Electric Vehicle (BEV),Eligibility unknown as battery range has not been researched,
2025,MERCEDES-BENZ,EQS-CLASS SEDAN,Battery Electric Vehicle (BEV),Eligibility unknown as battery range has not been researched,
2023,MERCEDES-BENZ,EQS-CLASS SUV,Battery Electric Vehicle (BEV),Eligibility unknown as battery range has not been researched,
2024,MERCEDES-BENZ,EQS-CLASS SUV,Battery Electric Vehicle (BEV),Eligibility unknown as battery range has not been researched,
2025,MERCEDES-BENZ,EQS-CLASS SUV,Battery Electric Vehicle (BEV),Eligibility unknown as battery range has not been researched,
2026,MERCEDES-BENZ,EQS-CLASS SUV,Battery Electric Vehicle (BEV),Eligibility unknown as battery range has not been researched,
2024,MERCEDES-BENZ,ESPRINTER,Battery Electric Vehicle (BEV),Eligibility unknown as battery range has not been researched,
2025,MERCEDES-BENZ,ESPRINTER,Battery Electric Vehicle (BEV),Eligibility unknown as battery range has not been researched,
2025,MERCEDES-BENZ,G-CLASS,Battery Electric Vehicle (BEV),Eligibility unknown as battery range has not been researched,
2026,MERCEDES-BENZ,G-CLASS,Battery Electric Vehicle (BEV),Eligibility unknown as battery range has not been researched,
2018,MERCEDES-BENZ,GLC-CLASS,Plug-in Hybrid Electric Vehicle (PHEV),Not eligible due to low battery range,9
2019,MERCEDES-BENZ,GLC-CLASS,Plug-in Hybrid Electric Vehicle (PHEV),Not eligible due to low battery range,10
2020,MERCEDES-BENZ,GLC-CLASS,Plug-in Hybrid Electric Vehicle (PHEV),Not eligible due to low battery range,22
2025,MERCEDES-BENZ,GLC-CLASS,Plug-in Hybrid Electric Vehicle (PHEV),Clean Alternative Fuel Vehicle Eligible,54
2025,MERCEDES-BENZ,GLC-CLASS,Plug-in Hybrid Electric Vehicle (PHEV),Not eligible due to low battery range,1
2026,MERCEDES-BENZ,GLC-CLASS,Plug-in Hybrid Electric Vehicle (PHEV),Clean Alternative Fuel Vehicle Eligible,54
2016,MERCEDES-BENZ,GLE-CLASS,Plug-in Hybrid Electric Vehicle (PHEV),Not eligible due to low battery range,10
2017,MERCEDES-BENZ,GLE-CLASS,Plug-in Hybrid Electric Vehicle (PHEV),Not eligible due to low battery range,10
2018,MERCEDES-BENZ,GLE-CLASS,Plug-in Hybrid Electric Vehicle (PHEV),Not eligible due to low battery range,8
2024,MERCEDES-BENZ,GLE-CLASS,Plug-in Hybrid Electric Vehicle (PHEV),Clean Alternative Fuel Vehicle Eligible,48
2025,MERCEDES-BENZ,GLE-CLASS,Plug-in Hybrid Electric Vehicle (PHEV),Clean Alternative Fuel Vehicle Eligible,49
2026,MERCEDES-BENZ,GLE-CLASS,Plug-in Hybrid Electric Vehicle (PHEV),Clean Alternative Fuel Vehicle Eligible,49
2015,MERCEDES-BENZ,S-CLASS,Plug-in Hybrid Electric Vehicle (PHEV),Not eligible due to low battery range,14
2016,MERCEDES-BENZ,S-CLASS,Plug-in Hybrid Electric Vehicle (PHEV),Not eligible due to low battery range,14
2017,MERCEDES-BENZ,S-CLASS,Plug-in Hybrid Electric Vehicle (PHEV),Not eligible due to low battery range,12
2024,MERCEDES-BENZ,S-CLASS,Plug-in Hybrid Electric Vehicle (PHEV),Clean Alternative Fuel Vehicle Eligible,46
2024,MERCEDES-BENZ,S-CLASS,Plug-in Hybrid Electric Vehicle (PHEV),Not eligible due to low battery range,16
2025,MERCEDES-BENZ,S-CLASS,Plug-in Hybrid Electric Vehicle (PHEV),Clean Alternative Fuel Vehicle Eligible,47
2025,MERCEDES-BENZ,S-CLASS,Plug-in Hybrid Electric Vehicle (PHEV),Not eligible due to low battery range,16
2026,MERCEDES-BENZ,S-CLASS,Plug-in Hybrid Electric Vehicle (PHEV),Not eligible due to low battery range,16
2026,MERCEDES-BENZ,S-CLASS,Plug-in Hybrid Electric Vehicle (PHEV),Clean Alternative Fuel Vehicle Eligible,47
2025,MERCEDES-BENZ,SL-CLASS,Plug-in Hybrid Electric Vehicle (PHEV),Not eligible due to low battery range,1
2018,MINI,COUNTRYMAN,Plug-in Hybrid Electric Vehicle (PHEV),Not eligible due to low battery range,12
2019,MINI,COUNTRYMAN,Plug-in Hybrid Electric Vehicle (PHEV),Not eligible due to low battery range,12
2020,MINI,COUNTRYMAN,Plug-in Hybrid Electric Vehicle (PHEV),Not eligible due to low battery range,17
2021,MINI,COUNTRYMAN,Plug-in Hybrid Electric Vehicle (PHEV),Not eligible due to low battery range,17
2022,MINI,COUNTRYMAN,Plug-in Hybrid Electric Vehicle (PHEV),Not eligible due to low battery range,17
2023,MINI,COUNTRYMAN,Plug-in Hybrid Electric Vehicle (PHEV),Not eligible due to low battery range,17
2025,MINI,COUNTRYMAN,Battery Electric Vehicle (BEV),Eligibility unknown as battery range has not been researched,
2026,MINI,COUNTRYMAN,Battery Electric Vehicle (BEV),Eligibility unknown as battery range has not been researched,
2027,MINI,COUNTRYMAN,Battery Electric Vehicle (BEV),Eligibility unknown as battery range has not been researched,
2020,MINI,HARDTOP,Battery Electric Vehicle (BEV),Eligibility unknown as battery range has not been researched,
2021,MINI,HARDTOP,Battery Electric Vehicle (BEV),Clean Alternative Fuel Vehicle Eligible,110
2022,MINI,HARDTOP,Battery Electric Vehicle (BEV),Eligibility unknown as battery range has not been researched,
2023,MINI,HARDTOP,Battery Electric Vehicle (BEV),Eligibility unknown as battery range has not been researched,
2024,MINI,HARDTOP,Battery Electric Vehicle (BEV),Eligibility unknown as battery range has not been researched,
2012,MITSUBISHI,I-MIEV,Battery Electric Vehicle (BEV),Clean Alternative Fuel Vehicle Eligible,62
2014,MITSUBISHI,I-MIEV,Battery Electric Vehicle (BEV),Clean Alternative Fuel Vehicle Eligible,62
2016,MITSUBISHI,I-MIEV,Battery Electric Vehicle (BEV),Clean Alternative Fuel Vehicle Eligible,62
2017,MITSUBISHI,I-MIEV,Battery Electric Vehicle (BEV),Clean Alternative Fuel Vehicle Eligible,59
2018,MITSUBISHI,OUTLANDER,Plug-in Hybrid Electric Vehicle (PHEV),Not eligible due to low battery range,22
2019,MITSUBISHI,OUTLANDER,Plug-in Hybrid Electric Vehicle (PHEV),Not eligible due to low battery range,22
2020,MITSUBISHI,OUTLANDER,Plug-in Hybrid Electric Vehicle (PHEV),Not eligible due to low battery range,22
2021,MITSUBISHI,OUTLANDER,Plug-in Hybrid Electric Vehicle (PHEV),Not eligible due to low battery range,24
2022,MITSUBISHI,OUTLANDER,Plug-in Hybrid Electric Vehicle (PHEV),Not eligible due to low battery range,24
2023,MITSUBISHI,OUTLANDER,Plug-in Hybrid Electric Vehicle (PHEV),Clean Alternative Fuel Vehicle Eligible,38
2024,MITSUBISHI,OUTLANDER,Plug-in Hybrid Electric Vehicle (PHEV),Clean Alternative Fuel Vehicle Eligible,38
2025,MITSUBISHI,OUTLANDER,Plug-in Hybrid Electric Vehicle (PHEV),Clean Alternative Fuel Vehicle Eligible,38
2026,MITSUBISHI,OUTLANDER,Plug-in Hybrid Electric Vehicle (PHEV),Clean Alternative Fuel Vehicle Eligible,45
2024,MULLEN AUTOMOTIVE INC.,ONE,Battery Electric Vehicle (BEV),Eligibility unknown as battery range has not been researched,
2023,NISSAN,ARIYA HATCHBACK,Battery Electric Vehicle (BEV),Eligibility unknown as battery range has not been researched,
2024,NISSAN,ARIYA HATCHBACK,Battery Electric Vehicle (BEV),Eligibility unknown as battery range has not been researched,
2025,NISSAN,ARIYA MPV,Battery Electric Vehicle (BEV),Eligibility unknown as battery range has not been researched,
2011,NISSAN,LEAF,Battery Electric Vehicle (BEV),Clean Alternative Fuel Vehicle Eligible,73
2012,NISSAN,LEAF,Battery Electric Vehicle (BEV),Clean Alternative Fuel Vehicle Eligible,73
2013,NISSAN,LEAF,Battery Electric Vehicle (BEV),Clean Alternative Fuel Vehicle Eligible,75
2014,NISSAN,LEAF,Battery Electric Vehicle (BEV),Clean Alternative Fuel Vehicle Eligible,84
2015,NISSAN,LEAF,Battery Electric Vehicle (BEV),Clean Alternative Fuel Vehicle Eligible,84
2016,NISSAN,LEAF,Battery Electric Vehicle (BEV),Clean Alternative Fuel Vehicle Eligible,84
2017,NISSAN,LEAF,Battery Electric Vehicle (BEV),Clean Alternative Fuel Vehicle Eligible,107
2018,NISSAN,LEAF,Battery Electric Vehicle (BEV),Clean Alternative Fuel Vehicle Eligible,151
2019,NISSAN,LEAF,Battery Electric Vehicle (BEV),Clean Alternative Fuel Vehicle Eligible,150
2020,NISSAN,LEAF,Battery Electric Vehicle (BEV),Clean Alternative Fuel Vehicle Eligible,149
2020,NISSAN,LEAF,Battery Electric Vehicle (BEV),Clean Alternative Fuel Vehicle Eligible,215
2020,NISSAN,LEAF,Battery Electric Vehicle (BEV),Eligibility unknown as battery range has not been researched,
2021,NISSAN,LEAF,Battery Electric Vehicle (BEV),Eligibility unknown as battery range has not been researched,
2022,NISSAN,LEAF,Battery Electric Vehicle (BEV),Eligibility unknown as battery range has not been researched,
2023,NISSAN,LEAF,Battery Electric Vehicle (BEV),Eligibility unknown as battery range has not been researched,
2024,NISSAN,LEAF,Battery Electric Vehicle (BEV),Eligibility unknown as battery range has not been researched,
2025,NISSAN,LEAF,Battery Electric Vehicle (BEV),Eligibility unknown as battery range has not been researched,
2026,NISSAN,LEAF,Battery Electric Vehicle (BEV),Eligibility unknown as battery range has not been researched,
2026,NISSAN,ROGUE,Plug-in Hybrid Electric Vehicle (PHEV),Clean Alternative Fuel Vehicle Eligible,38
2021,POLESTAR,POLESTAR 2,Battery Electric Vehicle (BEV),Clean Alternative Fuel Vehicle Eligible,233
2022,POLESTAR,POLESTAR 2,Battery Electric Vehicle (BEV),Eligibility unknown as battery range has not been researched,
2023,POLESTAR,POLESTAR 2,Battery Electric Vehicle (BEV),Eligibility unknown as battery range has not been researched,
2024,POLESTAR,POLESTAR 2,Battery Electric Vehicle (BEV),Eligibility unknown as battery range has not been researched,
2025,POLESTAR,POLESTAR 2,Battery Electric Vehicle (BEV),Eligibility unknown as battery range has not been researched,
2025,POLESTAR,POLESTAR 3,Battery Electric Vehicle (BEV),Eligibility unknown as battery range has not been researched,
2026,POLESTAR,POLESTAR 4,Battery Electric Vehicle (BEV),Eligibility unknown as battery range has not been researched,
2015,PORSCHE,918,Plug-in Hybrid Electric Vehicle (PHEV),Not eligible due to low battery range,12
2015,PORSCHE,CAYENNE,Plug-in Hybrid Electric Vehicle (PHEV),Not eligible due to low battery range,14
2016,PORSCHE,CAYENNE,Plug-in Hybrid Electric Vehicle (PHEV),Not eligible due to low battery range,14
2017,PORSCHE,CAYENNE,Plug-in Hybrid Electric Vehicle (PHEV),Not eligible due to low battery range,14
2018,PORSCHE,CAYENNE,Plug-in Hybrid Electric Vehicle (PHEV),Not eligible due to low battery range,14
2019,PORSCHE,CAYENNE,Plug-in Hybrid Electric Vehicle (PHEV),Not eligible due to low battery range,13
2020,PORSCHE,CAYENNE,Plug-in Hybrid Electric Vehicle (PHEV),Not eligible due to low battery range,14
2020,PORSCHE,CAYENNE,Plug-in Hybrid Electric Vehicle (PHEV),Not eligible due to low battery range,12
2021,PORSCHE,CAYENNE,Plug-in Hybrid Electric Vehicle (PHEV),Not eligible due to low battery range,16
2021,PORSCHE,CAYENNE,Plug-in Hybrid Electric Vehicle (PHEV),Not eligible due to low battery range,14
2022,PORSCHE,CAYENNE,Plug-in Hybrid Electric Vehicle (PHEV),Not eligible due to low battery range,16
2022,PORSCHE,CAYENNE,Plug-in Hybrid Electric Vehicle (PHEV),Not eligible due to low battery range,14
2022,PORSCHE,CAYENNE,Plug-in Hybrid Electric Vehicle (PHEV),Not eligible due to low battery range,15
2023,PORSCHE,CAYENNE,Plug-in Hybrid Electric Vehicle (PHEV),Not eligible due to low battery range,17
2023,PORSCHE,CAYENNE,Plug-in Hybrid Electric Vehicle (PHEV),Not eligible due to low battery range,14
2024,PORSCHE,CAYENNE,Plug-in Hybrid Electric Vehicle (PHEV),Clean Alternative Fuel Vehicle Eligible,55
2024,PORSCHE,CAYENNE,Plug-in Hybrid Electric Vehicle (PHEV),Clean Alternative Fuel Vehicle Eligible,43
2024,PORSCHE,CAYENNE,Plug-in Hybrid Electric Vehicle (PHEV),Clean Alternative Fuel Vehicle Eligible,56
2025,PORSCHE,CAYENNE,Plug-in Hybrid Electric Vehicle (PHEV),Not eligible due to low battery range,29
2025,PORSCHE,CAYENNE,Plug-in Hybrid Electric Vehicle (PHEV),Not eligible due to low battery range,27
2025,PORSCHE,CAYENNE,Plug-in Hybrid Electric Vehicle (PHEV),Not eligible due to low battery range,24
2026,PORSCHE,CAYENNE,Plug-in Hybrid Electric Vehicle (PHEV),Not eligible due to low battery range,24
2026,PORSCHE,CAYENNE,Plug-in Hybrid Electric Vehicle (PHEV),Not eligible due to low battery range,27
2026,PORSCHE,CAYENNE,Plug-in Hybrid Electric Vehicle (PHEV),Not eligible due to low battery range,28
2024,PORSCHE,MACAN,Battery Electric Vehicle (BEV),Clean Alternative Fuel Vehicle Eligible,308
2024,PORSCHE,MACAN,Battery Electric Vehicle (BEV),Clean Alternative Fuel Vehicle Eligible,288
2025,PORSCHE,MACAN,Battery Electric Vehicle (BEV),Eligibility unknown as battery range has not been researched,
2026,PORSCHE,MACAN,Battery Electric Vehicle (BEV),Eligibility unknown as battery range has not been researched,
2014,PORSCHE,PANAMERA,Plug-in Hybrid Electric Vehicle (PHEV),Not eligible due to low battery range,15
2015,PORSCHE,PANAMERA,Plug-in Hybrid Electric Vehicle (PHEV),Not eligible due to low battery range,15
2016,PORSCHE,PANAMERA,Plug-in Hybrid Electric Vehicle (PHEV),Not eligible due to low battery range,15
2018,PORSCHE,PANAMERA,Plug-in Hybrid Electric Vehicle (PHEV),Not eligible due to low battery range,16
2018,PORSCHE,PANAMERA,Plug-in Hybrid Electric Vehicle (PHEV),Not eligible due to low battery range,14
2019,PORSCHE,PANAMERA,Plug-in Hybrid Electric Vehicle (PHEV),Not eligible due to low battery range,14
2020,PORSCHE,PANAMERA,Plug-in Hybrid Electric Vehicle (PHEV),Not eligible due to low battery range,14
2021,PORSCHE,PANAMERA,Plug-in Hybrid Electric Vehicle (PHEV),Not eligible due to low battery range,18
2021,PORSCHE,PANAMERA,Plug-in Hybrid Electric Vehicle (PHEV),Not eligible due to low battery range,17
2022,PORSCHE,PANAMERA,Plug-in Hybrid Electric Vehicle (PHEV),Not eligible due to low battery range,19
2022,PORSCHE,PANAMERA,Plug-in Hybrid Electric Vehicle (PHEV),Not eligible due to low battery range,18
2023,PORSCHE,PANAMERA,Plug-in Hybrid Electric Vehicle (PHEV),Not eligible due to low battery range,18
2025,PORSCHE,PANAMERA,Plug-in Hybrid Electric Vehicle (PHEV),Not eligible due to low battery range,28
2025,PORSCHE,PANAMERA,Plug-in Hybrid Electric Vehicle (PHEV),Not eligible due to low battery range,27
2026,PORSCHE,PANAMERA,Plug-in Hybrid Electric Vehicle (PHEV),Not eligible due to low battery range,28
2020,PORSCHE,TAYCAN,Battery Electric Vehicle (BEV),Clean Alternative Fuel Vehicle Eligible,203
2020,PORSCHE,TAYCAN,Battery Electric Vehicle (BEV),Clean Alternative Fuel Vehicle Eligible,192
2021,PORSCHE,TAYCAN,Battery Electric Vehicle (BEV),Clean Alternative Fuel Vehicle Eligible,203
2021,PORSCHE,TAYCAN,Battery Electric Vehicle (BEV),Eligibility unknown as battery range has not been researched,
2021,PORSCHE,TAYCAN,Battery Electric Vehicle (BEV),Clean Alternative Fuel Vehicle Eligible,192
2022,PORSCHE,TAYCAN,Battery Electric Vehicle (BEV),Eligibility unknown as battery range has not been researched,
2023,PORSCHE,TAYCAN,Battery Electric Vehicle (BEV),Eligibility unknown as battery range has not been researched,
2024,PORSCHE,TAYCAN,Battery Electric Vehicle (BEV),Eligibility unknown as battery range has not been researched,
2025,PORSCHE,TAYCAN,Battery Electric Vehicle (BEV),Eligibility unknown as battery range has not been researched,
2026,PORSCHE,TAYCAN,Battery Electric Vehicle (BEV),Eligibility unknown as battery range has not been researched,
2024,RAM,PROMASTER 3500,Battery Electric Vehicle (BEV),Eligibility unknown as battery range has not been researched,
2025,RAM,PROMASTER 3500,Battery Electric Vehicle (BEV),Eligibility unknown as battery range has not been researched,
2022,RIVIAN,EDV,Battery Electric Vehicle (BEV),Eligibility unknown as battery range has not been researched,
2023,RIVIAN,EDV,Battery Electric Vehicle (BEV),Eligibility unknown as battery range has not been researched,
2024,RIVIAN,EDV,Battery Electric Vehicle (BEV),Eligibility unknown as battery range has not been researched,
2025,RIVIAN,EDV,Battery Electric Vehicle (BEV),Eligibility unknown as battery range has not been researched,
2026,RIVIAN,EDV,Battery Electric Vehicle (BEV),Eligibility unknown as battery range has not been researched,
2022,RIVIAN,R1S,Battery Electric Vehicle (BEV),Eligibility unknown as battery range has not been researched,
2023,RIVIAN,R1S,Battery Electric Vehicle (BEV),Eligibility unknown as battery range has not been researched,
2024,RIVIAN,R1S,Battery Electric Vehicle (BEV),Eligibility unknown as battery range has not been researched,
2025,RIVIAN,R1S,Battery Electric Vehicle (BEV),Eligibility unknown as battery range has not been researched,
2026,RIVIAN,R1S,Battery Electric Vehicle (BEV),Eligibility unknown as battery range has not been researched,
2022,RIVIAN,R1T,Battery Electric Vehicle (BEV),Eligibility unknown as battery range has not been researched,
2023,RIVIAN,R1T,Battery Electric Vehicle (BEV),Eligibility unknown as battery range has not been researched,
2024,RIVIAN,R1T,Battery Electric Vehicle (BEV),Eligibility unknown as battery range has not been researched,
2025,RIVIAN,R1T,Battery Electric Vehicle (BEV),Eligibility unknown as battery range has not been researched,
2026,RIVIAN,R1T,Battery Electric Vehicle (BEV),Eligibility unknown as battery range has not been researched,
2027,RIVIAN,R2,Battery Electric Vehicle (BEV),Eligibility unknown as battery range has not been researched,
2024,RIVIAN,RCV,Battery Electric Vehicle (BEV),Eligibility unknown as battery range has not been researched,
2025,RIVIAN,RCV,Battery Electric Vehicle (BEV),Eligibility unknown as battery range has not been researched,
2024,ROLLS-ROYCE,SPECTRE,Battery Electric Vehicle (BEV),Eligibility unknown as battery range has not been researched,
2025,ROLLS-ROYCE,SPECTRE,Battery Electric Vehicle (BEV),Eligibility unknown as battery range has not been researched,
2018,SMART,EQ FORTWO,Battery Electric Vehicle (BEV),Clean Alternative Fuel Vehicle Eligible,58
2019,SMART,EQ FORTWO,Battery Electric Vehicle (BEV),Clean Alternative Fuel Vehicle Eligible,58
2019,SMART,EQ FORTWO,Battery Electric Vehicle (BEV),Eligibility unknown as battery range has not been researched,
2016,SMART,FORTWO,Battery Electric Vehicle (BEV),Clean Alternative Fuel Vehicle Eligible,68
2017,SMART,FORTWO,Battery Electric Vehicle (BEV),Clean Alternative Fuel Vehicle Eligible,58
2017,SMART,FORTWO,Battery Electric Vehicle (BEV),Clean Alternative Fuel Vehicle Eligible,57
2013,SMART,FORTWO ELECTRIC DRIVE,Battery Electric Vehicle (BEV),Clean Alternative Fuel Vehicle Eligible,68
2014,SMART,FORTWO ELECTRIC DRIVE,Battery Electric Vehicle (BEV),Clean Alternative Fuel Vehicle Eligible,58
2014,SMART,FORTWO ELECTRIC DRIVE,Battery Electric Vehicle (BEV),Clean Alternative Fuel Vehicle Eligible,68
2015,SMART,FORTWO ELECTRIC DRIVE,Battery Electric Vehicle (BEV),Clean Alternative Fuel Vehicle Eligible,68
2019,SUBARU,CROSSTREK,Plug-in Hybrid Electric Vehicle (PHEV),Not eligible due to low battery range,17
2023,SUBARU,SOLTERRA,Battery Electric Vehicle (BEV),Eligibility unknown as battery range has not been researched,
2024,SUBARU,SOLTERRA,Battery Electric Vehicle (BEV),Eligibility unknown as battery range has not been researched,
2025,SUBARU,SOLTERRA,Battery Electric Vehicle (BEV),Eligibility unknown as battery range has not been researched,
2026,SUBARU,SOLTERRA,Battery Electric Vehicle (BEV),Eligibility unknown as battery range has not been researched,
2026,SUBARU,TRAILSEEKER,Battery Electric Vehicle (BEV),Eligibility unknown as battery range has not been researched,
2026,SUBARU,UNCHARTED,Battery Electric Vehicle (BEV),Eligibility unknown as battery range has not been researched,
2024,TESLA,CYBERTRUCK,Battery Electric Vehicle (BEV),Eligibility unknown as battery range has not been researched,
2025,TESLA,CYBERTRUCK,Battery Electric Vehicle (BEV),Eligibility unknown as battery range has not been researched,
2026,TESLA,CYBERTRUCK,Battery Electric Vehicle (BEV),Eligibility unknown as battery range has not been researched,
2017,TESLA,MODEL 3,Battery Electric Vehicle (BEV),Clean Alternative Fuel Vehicle Eligible,220
2018,TESLA,MODEL 3,Battery Electric Vehicle (BEV),Clean Alternative Fuel Vehicle Eligible,215
2019,TESLA,MODEL 3,Battery Electric Vehicle (BEV),Clean Alternative Fuel Vehicle Eligible,220
2020,TESLA,MODEL 3,Battery Electric Vehicle (BEV),Clean Alternative Fuel Vehicle Eligible,266
2020,TESLA,MODEL 3,Battery Electric Vehicle (BEV),Clean Alternative Fuel Vehicle Eligible,322
2020,TESLA,MODEL 3,Battery Electric Vehicle (BEV),Clean Alternative Fuel Vehicle Eligible,308
2021,TESLA,MODEL 3,Battery Electric Vehicle (BEV),Eligibility unknown as battery range has not been researched,
2022,TESLA,MODEL 3,Battery Electric Vehicle (BEV),Eligibility unknown as battery range has not been researched,
2023,TESLA,MODEL 3,Battery Electric Vehicle (BEV),Eligibility unknown as battery range has not been researched,
2024,TESLA,MODEL 3,Battery Electric Vehicle (BEV),Eligibility unknown as battery range has not been researched,
2025,TESLA,MODEL 3,Battery Electric Vehicle (BEV),Eligibility unknown as battery range has not been researched,
2026,TESLA,MODEL 3,Battery Electric Vehicle (BEV),Eligibility unknown as battery range has not been researched,
2012,TESLA,MODEL S,Battery Electric Vehicle (BEV),Clean Alternative Fuel Vehicle Eligible,265
2013,TESLA,MODEL S,Battery Electric Vehicle (BEV),Clean Alternative Fuel Vehicle Eligible,208
2014,TESLA,MODEL S,Battery Electric Vehicle (BEV),Clean Alternative Fuel Vehicle Eligible,208
2015,TESLA,MODEL S,Battery Electric Vehicle (BEV),Clean Alternative Fuel Vehicle Eligible,208
2015,TESLA,MODEL S,Battery Electric Vehicle (BEV),Eligibility unknown as battery range has not been researched,
2016,TESLA,MODEL S,Battery Electric Vehicle (BEV),Clean Alternative Fuel Vehicle Eligible,210
2017,TESLA,MODEL S,Battery Electric Vehicle (BEV),Clean Alternative Fuel Vehicle Eligible,210
2018,TESLA,MODEL S,Battery Electric Vehicle (BEV),Clean Alternative Fuel Vehicle Eligible,249
2019,TESLA,MODEL S,Battery Electric Vehicle (BEV),Clean Alternative Fuel Vehicle Eligible,270
2020,TESLA,MODEL S,Battery Electric Vehicle (BEV),Clean Alternative Fuel Vehicle Eligible,330
2020,TESLA,MODEL S,Battery Electric Vehicle (BEV),Clean Alternative Fuel Vehicle Eligible,337
2021,TESLA,MODEL S,Battery Electric Vehicle (BEV),Eligibility unknown as battery range has not been researched,
2022,TESLA,MODEL S,Battery Electric Vehicle (BEV),Eligibility unknown as battery range has not been researched,
2023,TESLA,MODEL S,Battery Electric Vehicle (BEV),Eligibility unknown as battery range has not been researched,
2024,TESLA,MODEL S,Battery Electric Vehicle (BEV),Eligibility unknown as battery range has not been researched,
2025,TESLA,MODEL S,Battery Electric Vehicle (BEV),Eligibility unknown as battery range has not been researched,
2026,TESLA,MODEL S,Battery Electric Vehicle (BEV),Eligibility unknown as battery range has not been researched,
2016,TESLA,MODEL X,Battery Electric Vehicle (BEV),Clean Alternative Fuel Vehicle Eligible,200
2017,TESLA,MODEL X,Battery Electric Vehicle (BEV),Clean Alternative Fuel Vehicle Eligible,200
2018,TESLA,MODEL X,Battery Electric Vehicle (BEV),Clean Alternative Fuel Vehicle Eligible,238
2019,TESLA,MODEL X,Battery Electric Vehicle (BEV),Clean Alternative Fuel Vehicle Eligible,289
2020,TESLA,MODEL X,Battery Electric Vehicle (BEV),Clean Alternative Fuel Vehicle Eligible,293
2020,TESLA,MODEL X,Battery Electric Vehicle (BEV),Clean Alternative Fuel Vehicle Eligible,289
2021,TESLA,MODEL X,Battery Electric Vehicle (BEV),Eligibility unknown as battery range has not been researched,
2022,TESLA,MODEL X,Battery Electric Vehicle (BEV),Eligibility unknown as battery range has not been researched,
2023,TESLA,MODEL X,Battery Electric Vehicle (BEV),Eligibility unknown as battery range has not been researched,
2024,TESLA,MODEL X,Battery Electric Vehicle (BEV),Eligibility unknown as battery range has not been researched,
2025,TESLA,MODEL X,Battery Electric Vehicle (BEV),Eligibility unknown as battery range has not been researched,
2026,TESLA,MODEL X,Battery Electric Vehicle (BEV),Eligibility unknown as battery range has not been researched,
2020,TESLA,MODEL Y,Battery Electric Vehicle (BEV),Clean Alternative Fuel Vehicle Eligible,291
2021,TESLA,MODEL Y,Battery Electric Vehicle (BEV),Eligibility unknown as battery range has not been researched,
2022,TESLA,MODEL Y,Battery Electric Vehicle (BEV),Eligibility unknown as battery range has not been researched,
2023,TESLA,MODEL Y,Battery Electric Vehicle (BEV),Eligibility unknown as battery range has not been researched,
2024,TESLA,MODEL Y,Battery Electric Vehicle (BEV),Eligibility unknown as battery range has not been researched,
2025,TESLA,MODEL Y,Battery Electric Vehicle (BEV),Eligibility unknown as battery range has not been researched,
2026,TESLA,MODEL Y,Battery Electric Vehicle (BEV),Eligibility unknown as battery range has not been researched,
2008,TESLA,ROADSTER,Battery Electric Vehicle (BEV),Clean Alternative Fuel Vehicle Eligible,220
2008,TESLA,ROADSTER,Battery Electric Vehicle (BEV),Eligibility unknown as battery range has not been researched,
2010,TESLA,ROADSTER,Battery Electric Vehicle (BEV),Clean Alternative Fuel Vehicle Eligible,245
2011,TESLA,ROADSTER,Battery Electric Vehicle (BEV),Clean Alternative Fuel Vehicle Eligible,245
2011,TH!NK,CITY,Battery Electric Vehicle (BEV),Clean Alternative Fuel Vehicle Eligible,100
2026,TOYOTA,BZ,Battery Electric Vehicle (BEV),Eligibility unknown as battery range has not been researched,
2026,TOYOTA,BZ WOODLAND,Battery Electric Vehicle (BEV),Eligibility unknown as battery range has not been researched,
2023,TOYOTA,BZ4X,Battery Electric Vehicle (BEV),Eligibility unknown as battery range has not been researched,
2024,TOYOTA,BZ4X,Battery Electric Vehicle (BEV),Eligibility unknown as battery range has not been researched,
2025,TOYOTA,BZ4X,Battery Electric Vehicle (BEV),Eligibility unknown as battery range has not been researched,
2026,TOYOTA,C-HR,Battery Electric Vehicle (BEV),Eligibility unknown as battery range has not been researched,
2023,TOYOTA,MIRAI,Battery Electric Vehicle (BEV),Eligibility unknown as battery range has not been researched,
2012,TOYOTA,PRIUS,Plug-in Hybrid Electric Vehicle (PHEV),Not eligible due to low battery range,6
2013,TOYOTA,PRIUS,Plug-in Hybrid Electric Vehicle (PHEV),Not eligible due to low battery range,6
2014,TOYOTA,PRIUS,Plug-in Hybrid Electric Vehicle (PHEV),Not eligible due to low battery range,6
2015,TOYOTA,PRIUS,Plug-in Hybrid Electric Vehicle (PHEV),Not eligible due to low battery range,6
2017,TOYOTA,PRIUS PRIME (PHEV),Plug-in Hybrid Electric Vehicle (PHEV),Not eligible due to low battery range,25
2018,TOYOTA,PRIUS PRIME (PHEV),Plug-in Hybrid Electric Vehicle (PHEV),Not eligible due to low battery range,25
2019,TOYOTA,PRIUS PRIME (PHEV),Plug-in Hybrid Electric Vehicle (PHEV),Not eligible due to low battery range,25
2020,TOYOTA,PRIUS PRIME (PHEV),Plug-in Hybrid Electric Vehicle (PHEV),Not eligible due to low battery range,25
2021,TOYOTA,PRIUS PRIME (PHEV),Plug-in Hybrid Electric Vehicle (PHEV),Not eligible due to low battery range,25
2022,TOYOTA,PRIUS PRIME (PHEV),Plug-in Hybrid Electric Vehicle (PHEV),Not eligible due to low battery range,25
2023,TOYOTA,PRIUS PRIME (PHEV),Plug-in Hybrid Electric Vehicle (PHEV),Clean Alternative Fuel Vehicle Eligible,39
2024,TOYOTA,PRIUS PRIME (PHEV),Plug-in Hybrid Electric Vehicle (PHEV),Clean Alternative Fuel Vehicle Eligible,39
2025,TOYOTA,PRIUS PRIME (PHEV),Plug-in Hybrid Electric Vehicle (PHEV),Clean Alternative Fuel Vehicle Eligible,39
2026,TOYOTA,PRIUS PRIME (PHEV),Plug-in Hybrid Electric Vehicle (PHEV),Clean Alternative Fuel Vehicle Eligible,44
2002,TOYOTA,RAV4,Battery Electric Vehicle (BEV),Clean Alternative Fuel Vehicle Eligible,95
2003,TOYOTA,RAV4,Battery Electric Vehicle (BEV),Clean Alternative Fuel Vehicle Eligible,95
2012,TOYOTA,RAV4,Battery Electric Vehicle (BEV),Clean Alternative Fuel Vehicle Eligible,103
2013,TOYOTA,RAV4,Battery Electric Vehicle (BEV),Clean Alternative Fuel Vehicle Eligible,103
2014,TOYOTA,RAV4,Battery Electric Vehicle (BEV),Clean Alternative Fuel Vehicle Eligible,103
2021,TOYOTA,RAV4 PRIME (PHEV),Plug-in Hybrid Electric Vehicle (PHEV),Clean Alternative Fuel Vehicle Eligible,42
2022,TOYOTA,RAV4 PRIME (PHEV),Plug-in Hybrid Electric Vehicle (PHEV),Clean Alternative Fuel Vehicle Eligible,42
2023,TOYOTA,RAV4 PRIME (PHEV),Plug-in Hybrid Electric Vehicle (PHEV),Clean Alternative Fuel Vehicle Eligible,42
2024,TOYOTA,RAV4 PRIME (PHEV),Plug-in Hybrid Electric Vehicle (PHEV),Clean Alternative Fuel Vehicle Eligible,42
2025,TOYOTA,RAV4 PRIME (PHEV),Plug-in Hybrid Electric Vehicle (PHEV),Clean Alternative Fuel Vehicle Eligible,42
2026,TOYOTA,RAV4 PRIME (PHEV),Plug-in Hybrid Electric Vehicle (PHEV),Clean Alternative Fuel Vehicle Eligible,52
2023,VINFAST,VF 8,Battery Electric Vehicle (BEV),Eligibility unknown as battery range has not been researched,
2024,VINFAST,VF 8,Battery Electric Vehicle (BEV),Eligibility unknown as battery range has not been researched,
2015,VOLKSWAGEN,E-GOLF,Battery Electric Vehicle (BEV),Clean Alternative Fuel Vehicle Eligible,83
2016,VOLKSWAGEN,E-GOLF,Battery Electric Vehicle (BEV),Clean Alternative Fuel Vehicle Eligible,83
2017,VOLKSWAGEN,E-GOLF,Battery Electric Vehicle (BEV),Clean Alternative Fuel Vehicle Eligible,125
2018,VOLKSWAGEN,E-GOLF,Battery Electric Vehicle (BEV),Clean Alternative Fuel Vehicle Eligible,125
2019,VOLKSWAGEN,E-GOLF,Battery Electric Vehicle (BEV),Clean Alternative Fuel Vehicle Eligible,125
2025,VOLKSWAGEN,ID. BUZZ,Battery Electric Vehicle (BEV),Eligibility unknown as battery range has not been researched,
2021,VOLKSWAGEN,ID.4,Battery Electric Vehicle (BEV),Eligibility unknown as battery range has not been researched,
2022,VOLKSWAGEN,ID.4,Battery Electric Vehicle (BEV),Eligibility unknown as battery range has not been researched,
2023,VOLKSWAGEN,ID.4,Battery Electric Vehicle (BEV),Eligibility unknown as battery range has not been researched,
2024,VOLKSWAGEN,ID.4,Battery Electric Vehicle (BEV),Eligibility unknown as battery range has not been researched,
2025,VOLKSWAGEN,ID.4,Battery Electric Vehicle (BEV),Eligibility unknown as battery range has not been researched,
2026,VOLKSWAGEN,ID.4,Battery Electric Vehicle (BEV),Eligibility unknown as battery range has not been researched,
2022,VOLVO,C40,Battery Electric Vehicle (BEV),Eligibility unknown as battery range has not been researched,
2023,VOLVO,C40,Battery Electric Vehicle (BEV),Eligibility unknown as battery range has not been researched,
2024,VOLVO,C40,Battery Electric Vehicle (BEV),Eligibility unknown as battery range has not been researched,
2025,VOLVO,EX30,Battery Electric Vehicle (BEV),Eligibility unknown as battery range has not been researched,
2026,VOLVO,EX30,Battery Electric Vehicle (BEV),Eligibility unknown as battery range has not been researched,
2026,VOLVO,EX30 CC,Battery Electric Vehicle (BEV),Eligibility unknown as battery range has not been researched,
2025,VOLVO,EX40,Battery Electric Vehicle (BEV),Eligibility unknown as battery range has not been researched,
2026,VOLVO,EX40,Battery Electric Vehicle (BEV),Eligibility unknown as battery range has not been researched,
2025,VOLVO,EX90,Battery Electric Vehicle (BEV),Eligibility unknown as battery range has not been researched,
2026,VOLVO,EX90,Battery Electric Vehicle (BEV),Eligibility unknown as battery range has not been researched,
2019,VOLVO,S60,Plug-in Hybrid Electric Vehicle (PHEV),Not eligible due to low battery range,22
2020,VOLVO,S60,Plug-in Hybrid Electric Vehicle (PHEV),Not eligible due to low battery range,22
2021,VOLVO,S60,Plug-in Hybrid Electric Vehicle (PHEV),Not eligible due to low battery range,22
2022,VOLVO,S60,Plug-in Hybrid Electric Vehicle (PHEV),Clean Alternative Fuel Vehicle Eligible,41
2022,VOLVO,S60,Plug-in Hybrid Electric Vehicle (PHEV),Not eligible due to low battery range,22
2023,VOLVO,S60,Plug-in Hybrid Electric Vehicle (PHEV),Clean Alternative Fuel Vehicle Eligible,41
2024,VOLVO,S60,Plug-in Hybrid Electric Vehicle (PHEV),Clean Alternative Fuel Vehicle Eligible,41
2025,VOLVO,S60,Plug-in Hybrid Electric Vehicle (PHEV),Clean Alternative Fuel Vehicle Eligible,41
2018,VOLVO,S90,Plug-in Hybrid Electric Vehicle (PHEV),Not eligible due to low battery range,21
2019,VOLVO,S90,Plug-in Hybrid Electric Vehicle (PHEV),Not eligible due to low battery range,21
2020,VOLVO,S90,Plug-in Hybrid Electric Vehicle (PHEV),Not eligible due to low battery range,21
2023,VOLVO,S90,Plug-in Hybrid Electric Vehicle (PHEV),Clean Alternative Fuel Vehicle Eligible,38
2024,VOLVO,S90,Plug-in Hybrid Electric Vehicle (PHEV),Clean Alternative Fuel Vehicle Eligible,38
2020,VOLVO,V60,Plug-in Hybrid Electric Vehicle (PHEV),Not eligible due to low battery range,22
2021,VOLVO,V60,Plug-in Hybrid Electric Vehicle (PHEV),Not eligible due to low battery range,22
2022,VOLVO,V60,Plug-in Hybrid Electric Vehicle (PHEV),Clean Alternative Fuel Vehicle Eligible,41
2022,VOLVO,V60,Plug-in Hybrid Electric Vehicle (PHEV),Not eligible due to low battery range,22
2023,VOLVO,V60,Plug-in Hybrid Electric Vehicle (PHEV),Clean Alternative Fuel Vehicle Eligible,41
2024,VOLVO,V60,Plug-in Hybrid Electric Vehicle (PHEV),Clean Alternative Fuel Vehicle Eligible,41
2025,VOLVO,V60,Plug-in Hybrid Electric Vehicle (PHEV),Clean Alternative Fuel Vehicle Eligible,41
2021,VOLVO,XC40,Battery Electric Vehicle (BEV),Eligibility unknown as battery range has not been researched,
2022,VOLVO,XC40,Battery Electric Vehicle (BEV),Eligibility unknown as battery range has not been researched,
2023,VOLVO,XC40,Battery Electric Vehicle (BEV),Eligibility unknown as battery range has not been researched,
2024,VOLVO,XC40,Battery Electric Vehicle (BEV),Eligibility unknown as battery range has not been researched,
2018,VOLVO,XC60,Plug-in Hybrid Electric Vehicle (PHEV),Not eligible due to low battery range,17
2019,VOLVO,XC60,Plug-in Hybrid Electric Vehicle (PHEV),Not eligible due to low battery range,17
2020,VOLVO,XC60,Plug-in Hybrid Electric Vehicle (PHEV),Not eligible due to low battery range,18
2020,VOLVO,XC60,Plug-in Hybrid Electric Vehicle (PHEV),Not eligible due to low battery range,19
2021,VOLVO,XC60,Plug-in Hybrid Electric Vehicle (PHEV),Not eligible due to low battery range,18
2022,VOLVO,XC60,Plug-in Hybrid Electric Vehicle (PHEV),Clean Alternative Fuel Vehicle Eligible,35
2022,VOLVO,XC60,Plug-in Hybrid Electric Vehicle (PHEV),Not eligible due to low battery range,18
2022,VOLVO,XC60,Plug-in Hybrid Electric Vehicle (PHEV),Clean Alternative Fuel Vehicle Eligible,32
2023,VOLVO,XC60,Plug-in Hybrid Electric Vehicle (PHEV),Clean Alternative Fuel Vehicle Eligible,35
2024,VOLVO,XC60,Plug-in Hybrid Electric Vehicle (PHEV),Clean Alternative Fuel Vehicle Eligible,35
2025,VOLVO,XC60,Plug-in Hybrid Electric Vehicle (PHEV),Clean Alternative Fuel Vehicle Eligible,35
2026,VOLVO,XC60,Plug-in Hybrid Electric Vehicle (PHEV),Clean Alternative Fuel Vehicle Eligible,35
2016,VOLVO,XC90,Plug-in Hybrid Electric Vehicle (PHEV),Not eligible due to low battery range,13
2017,VOLVO,XC90,Plug-in Hybrid Electric Vehicle (PHEV),Not eligible due to low battery range,14
2018,VOLVO,XC90,Plug-in Hybrid Electric Vehicle (PHEV),Not eligible due to low battery range,19
2019,VOLVO,XC90,Plug-in Hybrid Electric Vehicle (PHEV),Not eligible due to low battery range,17
2020,VOLVO,XC90,Plug-in Hybrid Electric Vehicle (PHEV),Not eligible due to low battery range,18
2021,VOLVO,XC90,Plug-in Hybrid Electric Vehicle (PHEV),Not eligible due to low battery range,18
2022,VOLVO,XC90,Plug-in Hybrid Electric Vehicle (PHEV),Not eligible due to low battery range,18
2022,VOLVO,XC90,Plug-in Hybrid Electric Vehicle (PHEV),Clean Alternative Fuel Vehicle Eligible,35
2023,VOLVO,XC90,Plug-in Hybrid Electric Vehicle (PHEV),Clean Alternative Fuel Vehicle Eligible,32
2024,VOLVO,XC90,Plug-in Hybrid Electric Vehicle (PHEV),Clean Alternative Fuel Vehicle Eligible,32
2025,VOLVO,XC90,Plug-in Hybrid Electric Vehicle (PHEV),Clean Alternative Fuel Vehicle Eligible,32
2026,VOLVO,XC90,Plug-in Hybrid Electric Vehicle (PHEV),Clean Alternative Fuel Vehicle Eligible,32
2010,WHEEGO ELECTRIC CARS,WHEEGO,Plug-in Hybrid Electric Vehicle (PHEV),Clean Alternative Fuel Vehicle Eligible,100
